search_string,candidate_yoda_name,candidate_page_link,elections_page_link,legislator_page_link,vpap_candidate_num,name,summary,2019_lower_election_name,2019_lower_election_link,2019_lower_ie_support,2019_lower_ie_oppose,2019_lower_name_D,2019_lower_winner_D,2019_lower_party_D,2019_lower_incumbency_D,2019_lower_money_raised_text_D,2019_lower_money_raised_D,2017_lower_election_name,2017_lower_election_link,2017_lower_ie_support,2017_lower_ie_oppose,2017_lower_name_D,2017_lower_winner_D,2017_lower_party_D,2017_lower_incumbency_D,2017_lower_money_raised_text_D,2017_lower_money_raised_D,bio_political_party,bio_race,bio_gender,bio_age,bio_margin_of_victory,bio_birth_state,bio_region,bio_education_level,bio_undergrad_public_private,bio_attorney,bio_military,bio_occupation,bio_stocksinvestments,bio_real_estate,bio_member_since,bio_years_of_service,2019_lower_candidate_party,2019_lower_is_winner,2019_lower_is_incumbent,2019_lower_raised,2017_lower_candidate_party,2017_lower_is_winner,2017_lower_is_incumbent,2017_lower_raised,2019_lower_name_R,2019_lower_winner_R,2019_lower_party_R,2019_lower_incumbency_R,2019_lower_money_raised_text_R,2019_lower_money_raised_R,2017_lower_name_R,2017_lower_winner_R,2017_lower_party_R,2017_lower_incumbency_R,2017_lower_money_raised_text_R,2017_lower_money_raised_R
Lamont Bagby,"Bagby, Lamont",https://www.vpap.org/candidates/254029,https://www.vpap.org/candidates/254029/elections/,https://www.vpap.org/legislators/254029,254029,Lamont Bagby,Democrat Lamont Bagby has represented the 74th District in the House of Delegates since July 2015.,2019 House of Delegates - District 74 - Regular General,https://www.vpap.org/offices/house-of-delegates-74/elections/?year_and_type=2019regular,0.0,0.0,"Bagby, Lamont",True,D,True,"$292,526",292526.0,2017 House of Delegates - District 74 - Regular General,https://www.vpap.org/offices/house-of-delegates-74/elections/?year_and_type=2017regular,0.0,0.0,"Bagby, Lamont",True,D,True,"$82,927",82927.0,Democrat,African-American,Male,43,Uncontested,Virginia,District Office Area Code 804,Master's Degree,State University,No,Non-Military,"Nonprofit and Community Workers / Community Action Executive, Peter Paul Development Center","Less than $10,000",No property other than primary residence,2015.0,5.0,D,True,True,292526.0,D,True,True,82927.0,N/A,N/A,N/A,N/A,N/A,N/A,N/A,N/A,N/A,N/A,N/A,N/A
Joseph Lindsey,"Lindsey, Joe",https://www.vpap.org/candidates/2919,https://www.vpap.org/candidates/2919/elections/,https://www.vpap.org/legislators/2919,2919,Joe Lindsey,Joseph Lindsey has served in the House of Delegates since 2014.,2019 House of Delegates - District 90 - Regular General,https://www.vpap.org/offices/house-of-delegates-90/elections/?year_and_type=2019regular,0.0,0.0,"Lindsey, Joe",True,D,True,"$138,553",138553.0,2017 House of Delegates - District 90 - Regular General,https://www.vpap.org/offices/house-of-delegates-90/elections/?year_and_type=2017regular,0.0,0.0,"Lindsey, Joe",True,D,True,"$68,073",68073.0,Democrat,African-American,Male,60,Uncontested,Virginia,District Office Area Code 757,Law Degree,Private University; Hampton Institute,Yes,Non-Military,Lawyers / Attorney,"Less than $10,000",Owns property that generates rental income or used for business,2014.0,6.0,D,True,True,138553.0,D,True,True,68073.0,N/A,N/A,N/A,N/A,N/A,N/A,N/A,N/A,N/A,N/A,N/A,N/A
Jeion Ward,"Ward, Jeion",https://www.vpap.org/candidates/67410,https://www.vpap.org/candidates/67410/elections/,https://www.vpap.org/legislators/67410,67410,Jeion Ward,Jeion Ward has served in the Virginia House of Delegates since 2004.,2019 House of Delegates - District 92 - Regular General,https://www.vpap.org/offices/house-of-delegates-92/elections/?year_and_type=2019regular,0.0,23.0,"Ward, Jeion",True,D,True,"$184,469",184469.0,2017 House of Delegates - District 92 - Regular General,https://www.vpap.org/offices/house-of-delegates-92/elections/?year_and_type=2017regular,0.0,0.0,"Ward, Jeion",True,D,True,"$130,168",130168.0,Democrat,African-American,Female,66,Uncontested,Virginia,District Office Area Code 757,Bachelors Degree,State University,No,Non-Military,"Educators / Teacher Union Official, Hampton Federation of Teachers","Less than $10,000",No property other than primary residence,2004.0,16.0,D,True,True,184469.0,D,True,True,130168.0,N/A,N/A,N/A,N/A,N/A,N/A,N/A,N/A,N/A,N/A,N/A,N/A
Vivian Watts,"Watts, Vivian",https://www.vpap.org/candidates/462,https://www.vpap.org/candidates/462/elections/,https://www.vpap.org/legislators/462,462,Vivian Watts,Vivian Watts has served in the Virginia House of Delegates since 1996. Watts had also previously held this office from 1982-86.,2019 House of Delegates - District 39 - Regular General,https://www.vpap.org/offices/house-of-delegates-39/elections/?year_and_type=2019regular,0.0,23.0,"Watts, Vivian",True,D,True,"$154,791",154791.0,2017 House of Delegates - District 39 - Regular General,https://www.vpap.org/offices/house-of-delegates-39/elections/?year_and_type=2017regular,0.0,0.0,"Watts, Vivian",True,D,True,"$98,519",98519.0,Democrat,Caucasian,Female,79,Won by 10% or More,Michigan,District Office Area Code 571 / 703,Bachelors Degree,State University,No,Non-Military,Public Affairs/Lobbyists / Retired,"Between $500,001 and $999,999",No property other than primary residence,1996.0,28.0,D,True,True,154791.0,D,True,True,98519.0,"Bell, Nick",False,R,False,"$185,339",185339.0,N/A,N/A,N/A,N/A,N/A,N/A
Marcia Price,"Price, Cia",https://www.vpap.org/candidates/189804,https://www.vpap.org/candidates/189804/elections/,https://www.vpap.org/legislators/189804,189804,Cia Price,Cia Price has served in the House of Delegates since 2016.,2019 House of Delegates - District 95 - Regular General,https://www.vpap.org/offices/house-of-delegates-95/elections/?year_and_type=2019regular,0.0,23.0,"Price, Cia",True,D,True,"$64,847",64847.0,2017 House of Delegates - District 95 - Regular General,https://www.vpap.org/offices/house-of-delegates-95/elections/?year_and_type=2017regular,0.0,0.0,"Price, Cia",True,D,True,"$49,957",49957.0,Democrat,African-American,Female,39,Uncontested,Virginia,District Office Area Code 757,Master's Degree,Private University; Spelman College,No,Non-Military,"Medical Professions / Dental Office Administration, Heartland Dental LLC","Between $10,001 and $100,000",No property other than primary residence,2016.0,4.0,D,True,True,64847.0,D,True,True,49957.0,N/A,N/A,N/A,N/A,N/A,N/A,N/A,N/A,N/A,N/A,N/A,N/A
Jeff Bourne,"Bourne, Jeff",https://www.vpap.org/candidates/153904,https://www.vpap.org/candidates/153904/elections/,https://www.vpap.org/legislators/153904,153904,Jeff Bourne,Jeffrey Bourne has served in the House of Delegates since 2017.,2019 House of Delegates - District 71 - Regular General,https://www.vpap.org/offices/house-of-delegates-71/elections/?year_and_type=2019regular,0.0,23.0,"Bourne, Jeff",True,D,True,"$206,755",206755.0,2017 House of Delegates - District 71 - Special General,https://www.vpap.org/offices/house-of-delegates-71/elections/?year_and_type=2017special,0.0,0.0,"Bourne, Jeff",True,D,False,"$77,778",77778.0,Democrat,African-American,Male,43,Won by 10% or More,Connecticut,District Office Area Code 804,Law Degree,State University,Yes,Non-Military,"Public Employees, Commonwealth of Va","Less than $10,000",Owns property that generates rental income or used for business,2017.0,3.0,D,True,True,206755.0,D,True,False,77778.0,N/A,N/A,N/A,N/A,N/A,N/A,N/A,N/A,N/A,N/A,N/A,N/A
Suhas Subramanyam,"Subramanyam, Suhas",https://www.vpap.org/candidates/304898,https://www.vpap.org/candidates/304898/elections/,https://www.vpap.org/legislators/304898,304898,Suhas Subramanyam,Suhas Subramanyam was elected to the House of Delegates in 2019.,2019 House of Delegates - District 87 - Regular General,https://www.vpap.org/offices/house-of-delegates-87/elections/?year_and_type=2019regular,16357.0,0.0,"Subramanyam, Suhas",True,D,False,"$369,986",369986.0,N/A,N/A,N/A,N/A,N/A,N/A,N/A,N/A,N/A,N/A,Democrat,Asian,Male,33,Won by 10% or More,Texas,District Office Area Code 571 / 703,Law Degree,Private University; Tulane University,Yes,Non-Military,Business People / Technology Policy Consultant/Attorney,"Between $500,001 and $999,999",No property other than primary residence,2020.0,0.0,D,True,False,369986.0,N/A,N/A,N/A,N/A,"Drennan, Bill",False,R,False,"$22,845",22845.0,N/A,N/A,N/A,N/A,N/A,N/A
Martha Mugler,"Mugler, Martha",https://www.vpap.org/candidates/151679,https://www.vpap.org/candidates/151679/elections/,https://www.vpap.org/legislators/151679,151679,Martha Mugler,Martha Mugler was elected to the House of Delegates in 2019.,2019 House of Delegates - District 91 - Regular General,https://www.vpap.org/offices/house-of-delegates-91/elections/?year_and_type=2019regular,21452.0,0.0,"Mugler, Martha",True,D,False,"$658,168",658168.0,N/A,N/A,N/A,N/A,N/A,N/A,N/A,N/A,N/A,N/A,Democrat,Caucasian,Female,58,Won by Less than 10%,Virginia,District Office Area Code 757,Bachelors Degree,State University,No,Non-Military,Bankers/Finance/Insurance / Banking Executive Assistant,"Between $10,001 and $100,000",No property other than primary residence,2020.0,0.0,D,True,False,658168.0,N/A,N/A,N/A,N/A,"Holcomb, Colleen",False,R,False,"$135,293",135293.0,N/A,N/A,N/A,N/A,N/A,N/A
Alfonso Lopez,"Lopez, Alfonso",https://www.vpap.org/candidates/59777,https://www.vpap.org/candidates/59777/elections/,https://www.vpap.org/legislators/59777,59777,Alfonso Lopez,Alfonso Lopez has served in the House of Delegates since 2012.,2019 House of Delegates - District 49 - Regular General,https://www.vpap.org/offices/house-of-delegates-49/elections/?year_and_type=2019regular,0.0,23.0,"Lopez, Alfonso",True,D,True,"$223,059",223059.0,2017 House of Delegates - District 49 - Regular General,https://www.vpap.org/offices/house-of-delegates-49/elections/?year_and_type=2017regular,0,0,"Lopez, Alfonso",True,D,True,"$150,722",150722.0,Democrat,Hispanic,Male,49,Won by 10% or More,Pennsylvania,District Office Area Code 571 / 703,Law Degree,Private University; Vassar College,Yes,Non-Military,"Public Affairs/Lobbyists / Tech Advocacy, National Technology Business Assn","Between $100,001 and $500,000",No property other than primary residence,2012.0,8.0,D,True,True,223059.0,D,True,True,150722.0,N/A,N/A,N/A,N/A,N/A,N/A,"Roosevelt, Adam",False,R,False,"$15,110",15110.0
Ian Lovejoy,"Lovejoy, Ian",https://www.vpap.org/candidates/189649,https://www.vpap.org/candidates/189649/elections/,https://www.vpap.org/legislators/189649,189649,Ian Lovejoy,Ian Lovejoy ran for the 50th District seat in the House of Delegates in 2019.,2019 House of Delegates - District 50 - Regular General,https://www.vpap.org/offices/house-of-delegates-50/elections/?year_and_type=2019regular,1864.0,0.0,"Carter, Lee",True,D,True,"$508,898",508898.0,N/A,N/A,N/A,N/A,N/A,N/A,N/A,N/A,N/A,N/A,,,,,,,,,,,,,,,,,R,False,False,685978.0,N/A,N/A,N/A,N/A,"Lovejoy, Ian",False,R,False,"$685,978",685978.0,N/A,N/A,N/A,N/A,N/A,N/A
Gayle Johnson,"Johnson, Gayle",https://www.vpap.org/candidates/156240,https://www.vpap.org/candidates/156240/elections/,https://www.vpap.org/legislators/156240,156240,Gayle Johnson,Gayle Johnson ran for the 82nd House District in 2019.,2019 House of Delegates - District 82 - Regular General,https://www.vpap.org/offices/house-of-delegates-82/elections/?year_and_type=2019regular,0.0,0.0,"Johnson, Gayle",False,D,False,"$127,936",127936.0,N/A,N/A,N/A,N/A,N/A,N/A,N/A,N/A,N/A,N/A,,,,,,,,,,,,,,,,,D,False,False,127936.0,N/A,N/A,N/A,N/A,"Miyares, Jason",True,R,True,"$352,895",352895.0,N/A,N/A,N/A,N/A,N/A,N/A
Mark Sickles,"Sickles, Mark",https://www.vpap.org/candidates/399,https://www.vpap.org/candidates/399/elections/,https://www.vpap.org/legislators/399,399,Mark Sickles,Mark Sickles has served in the Virginia House of Delegates since 2004.,2019 House of Delegates - District 43 - Regular General,https://www.vpap.org/offices/house-of-delegates-43/elections/?year_and_type=2019regular,0.0,0.0,"Sickles, Mark",True,D,True,"$315,829",315829.0,2017 House of Delegates - District 43 - Regular General,https://www.vpap.org/offices/house-of-delegates-43/elections/?year_and_type=2017regular,0,0,"Sickles, Mark",True,D,True,"$188,896",188896.0,Democrat,Caucasian,Male,62,Won by 10% or More,Virginia,District Office Area Code 571 / 703,Master's Degree,State University,No,Non-Military,"Transportation / Marine Dredging, Weeks Marine Inc","Between $100,001 and $500,000",Owns property other than primary residence (no income reported),2004.0,16.0,D,True,True,315829.0,D,True,True,188896.0,N/A,N/A,N/A,N/A,N/A,N/A,N/A,N/A,N/A,N/A,N/A,N/A
Alex Askew,"Askew, Alex",https://www.vpap.org/candidates/250404,https://www.vpap.org/candidates/250404/elections/,https://www.vpap.org/legislators/250404,250404,Alex Askew,Alex Askew was elected to the House of Delegates in 2019.,2019 House of Delegates - District 85 - Regular General,https://www.vpap.org/offices/house-of-delegates-85/elections/?year_and_type=2019regular,10989.0,6700.0,"Askew, Alex",True,D,False,"$1,266,169",1266169.0,N/A,N/A,N/A,N/A,N/A,N/A,N/A,N/A,N/A,N/A,Democrat,African-American,Male,34,Won by Less than 10%,Virginia,District Office Area Code 757,Bachelors Degree,Private University; Hampton University,No,Non-Military,Other / Former Chief of Staff,"Less than $10,000",No property other than primary residence,2020.0,0.0,D,True,False,1266169.0,N/A,N/A,N/A,N/A,"Holcomb, Rocky",False,R,False,"$908,330",908330.0,N/A,N/A,N/A,N/A,N/A,N/A
Schuyler VanValkenburg,"VanValkenburg, Schuyler",https://www.vpap.org/candidates/289364,https://www.vpap.org/candidates/289364/elections/,https://www.vpap.org/legislators/289364,289364,Schuyler VanValkenburg,Schuyler VanValkenburg won election to the House of Delegates in November 2017.,2019 House of Delegates - District 72 - Regular General,https://www.vpap.org/offices/house-of-delegates-72/elections/?year_and_type=2019regular,0.0,30839.0,"VanValkenburg, Schuyler",True,D,True,"$933,300",933300.0,2017 House of Delegates - District 72 - Regular General,https://www.vpap.org/offices/house-of-delegates-72/elections/?year_and_type=2017regular,317.0,0,"VanValkenburg, Schuyler",True,D,False,"$547,632",547632.0,Democrat,Caucasian,Male,37,Won by Less than 10%,New York,District Office Area Code 804,Master's Degree,Private University; University of Richmond,No,Non-Military,"Educators / Schoolteacher, Henrico County Public Schools","Between $10,001 and $100,000",No property other than primary residence,2018.0,2.0,D,True,True,933300.0,D,True,False,547632.0,"Vandergriff, GayDonna",False,R,False,"$594,460",594460.0,"Whitlock, Eddie",False,R,False,"$526,718",526718.0
Rodney Willett,"Willett, Rodney",https://www.vpap.org/candidates/50154,https://www.vpap.org/candidates/50154/elections/,https://www.vpap.org/legislators/50154,50154,Rodney Willett,Rodney Willett was elected to the House of Delegates in 2019.,2019 House of Delegates - District 73 - Regular General,https://www.vpap.org/offices/house-of-delegates-73/elections/?year_and_type=2019regular,11001.0,0.0,"Willett, Rodney",True,D,False,"$1,251,820",1251820.0,N/A,N/A,N/A,N/A,N/A,N/A,N/A,N/A,N/A,N/A,Democrat,Caucasian,Male,56,Won by Less than 10%,Virginia,District Office Area Code 804,Law Degree,State University,Yes,Non-Military,Business People / Management and Technology Consulting,"Greater than $1,000,000",Owns property other than primary residence (no income reported),2020.0,0.0,D,True,False,1251820.0,N/A,N/A,N/A,N/A,"Kastelberg, Mary Margaret",False,R,False,"$1,077,519",1077519.0,N/A,N/A,N/A,N/A,N/A,N/A
Mark Downey,"Downey, Mark",https://www.vpap.org/candidates/342368,https://www.vpap.org/candidates/342368/elections/,https://www.vpap.org/legislators/342368,342368,Mark Downey,Mark Downey ran for the 96th House District in 2019.,2019 House of Delegates - District 96 - Regular General,https://www.vpap.org/offices/house-of-delegates-96/elections/?year_and_type=2019regular,0.0,0.0,"Downey, Mark",False,D,False,"$182,444",182444.0,N/A,N/A,N/A,N/A,N/A,N/A,N/A,N/A,N/A,N/A,,,,,,,,,,,,,,,,,D,False,False,182444.0,N/A,N/A,N/A,N/A,"Batten, Amanda",True,R,False,"$133,731",133731.0,N/A,N/A,N/A,N/A,N/A,N/A
GayDonna Vandergriff,"Vandergriff, GayDonna",https://www.vpap.org/candidates/299367,https://www.vpap.org/candidates/299367/elections/,https://www.vpap.org/legislators/299367,299367,GayDonna Vandergriff,GayDonna Vandergriff ran for the 72nd House of Delegates District in 2019.,2019 House of Delegates - District 72 - Regular General,https://www.vpap.org/offices/house-of-delegates-72/elections/?year_and_type=2019regular,3124.0,0.0,"VanValkenburg, Schuyler",True,D,True,"$933,300",933300.0,N/A,N/A,N/A,N/A,N/A,N/A,N/A,N/A,N/A,N/A,,,,,,,,,,,,,,,,,R,False,False,594460.0,N/A,N/A,N/A,N/A,"Vandergriff, GayDonna",False,R,False,"$594,460",594460.0,N/A,N/A,N/A,N/A,N/A,N/A
Patrick Hope,"Hope, Patrick",https://www.vpap.org/candidates/158293,https://www.vpap.org/candidates/158293/elections/,https://www.vpap.org/legislators/158293,158293,Patrick Hope,Patrick Hope has served in the House of Delegates since 2010.,2019 House of Delegates - District 47 - Regular General,https://www.vpap.org/offices/house-of-delegates-47/elections/?year_and_type=2019regular,0.0,23.0,"Hope, Patrick",True,D,True,"$134,066",134066.0,2017 House of Delegates - District 47 - Regular General,https://www.vpap.org/offices/house-of-delegates-47/elections/?year_and_type=2017regular,0,0,"Hope, Patrick",True,D,True,"$81,199",81199.0,Democrat,Caucasian,Male,47,Uncontested,Texas,District Office Area Code 571 / 703,Law Degree,Private University; St. Mary's University,Yes,Non-Military,"Public Affairs/Lobbyists / Legislative Affairs, American College of Cardiology","Between $100,001 and $500,000",No property other than primary residence,2010.0,10.0,D,True,True,134066.0,D,True,True,81199.0,N/A,N/A,N/A,N/A,N/A,N/A,N/A,N/A,N/A,N/A,N/A,N/A
Tim Hugo,"Hugo, Tim",https://www.vpap.org/candidates/4365,https://www.vpap.org/candidates/4365/elections/,https://www.vpap.org/legislators/4365,4365,Tim Hugo,Tim Hugo has served in the Virginia House of Delegates since 2003.,2019 House of Delegates - District 40 - Regular General,https://www.vpap.org/offices/house-of-delegates-40/elections/?year_and_type=2019regular,1765.0,10226.0,"Helmer, Dan",True,D,False,"$1,865,487",1865487.0,2017 House of Delegates - District 40 - Regular General,https://www.vpap.org/offices/house-of-delegates-40/elections/?year_and_type=2017regular,0,0,"Tanner, Donte",False,D,False,"$705,805",705805.0,Republican,Caucasian,Male,57,Won by Less than 10%,Virginia,District Office Area Code 571 / 703,Bachelors Degree,State University,No,Veteran,"Public Affairs/Lobbyists / Technology Govt. Relations, Tim Hugo Group","Between $10,001 and $100,000",Owns property that generates rental income or used for business,2003.0,17.0,R,False,True,2086041.0,R,True,True,1073390.0,"Hugo, Tim",False,R,True,"$2,086,041",2086041.0,"Hugo, Tim",True,R,True,"$1,073,390",1073390.0
Jay Leftwich,"Leftwich, Jay",https://www.vpap.org/candidates/25120,https://www.vpap.org/candidates/25120/elections/,https://www.vpap.org/legislators/25120,25120,Jay Leftwich,Jay Leftwich has served in the House of Delegates since 2014.,2019 House of Delegates - District 78 - Regular General,https://www.vpap.org/offices/house-of-delegates-78/elections/?year_and_type=2019regular,0.0,0.0,N/A,N/A,N/A,N/A,N/A,N/A,2017 House of Delegates - District 78 - Regular General,https://www.vpap.org/offices/house-of-delegates-78/elections/?year_and_type=2017regular,0,0,N/A,N/A,N/A,N/A,N/A,N/A,Republican,Caucasian,Male,57,Uncontested,Virginia,District Office Area Code 757,Law Degree,State University,Yes,Non-Military,"Lawyers / Basnight Kinser, Basnight Kinser Telfeyan Leftwich & Nuckolls PC","Between $100,001 and $500,000",Owns property that generates rental income or used for business,2014.0,6.0,R,True,True,152297.0,R,True,True,125788.0,"Leftwich, Jay",True,R,True,"$152,297",152297.0,"Leftwich, Jay",True,R,True,"$125,788",125788.0
Jessica Foster,"Foster, Jess",https://www.vpap.org/candidates/326507,https://www.vpap.org/candidates/326507/elections/,https://www.vpap.org/legislators/326507,326507,Jess Foster,Jess Foster ran for House District 88 in 2019.,2019 House of Delegates - District 88 - Regular General,https://www.vpap.org/offices/house-of-delegates-88/elections/?year_and_type=2019regular,0.0,0.0,"Foster, Jess",False,D,False,"$183,267",183267.0,N/A,N/A,N/A,N/A,N/A,N/A,N/A,N/A,N/A,N/A,,,,,,,,,,,,,,,,,D,False,False,183267.0,N/A,N/A,N/A,N/A,"Cole, Mark",True,R,True,"$88,823",88823.0,N/A,N/A,N/A,N/A,N/A,N/A
Philip Hernandez,"Hernandez, Phil",https://www.vpap.org/candidates/338205,https://www.vpap.org/candidates/338205/elections/,https://www.vpap.org/legislators/338205,338205,Phil Hernandez,Phil Hernandez ran for the 100th House District in 2019,2019 House of Delegates - District 100 - Regular General,https://www.vpap.org/offices/house-of-delegates-100/elections/?year_and_type=2019regular,13117.0,30609.0,"Hernandez, Phil",False,D,False,"$1,017,013",1017013.0,N/A,N/A,N/A,N/A,N/A,N/A,N/A,N/A,N/A,N/A,,,,,,,,,,,,,,,,,D,False,False,1017013.0,N/A,N/A,N/A,N/A,"Bloxom, Rob",True,R,True,"$324,921",324921.0,N/A,N/A,N/A,N/A,N/A,N/A
Ella Webster,"Webster, Ella",https://www.vpap.org/candidates/289905,https://www.vpap.org/candidates/289905/elections/,https://www.vpap.org/legislators/289905,289905,Ella Webster,Ella Webster ran for House District 98 in 2019.,2019 House of Delegates - District 98 - Regular General,https://www.vpap.org/offices/house-of-delegates-98/elections/?year_and_type=2019regular,0.0,0.0,"Webster, Ella",False,D,False,"$28,623",28623.0,N/A,N/A,N/A,N/A,N/A,N/A,N/A,N/A,N/A,N/A,,,,,,,,,,,,,,,,,D,False,False,28623.0,N/A,N/A,N/A,N/A,"Hodges, Keith",True,R,True,"$75,912",75912.0,N/A,N/A,N/A,N/A,N/A,N/A
Dan Helmer,"Helmer, Dan",https://www.vpap.org/candidates/297214,https://www.vpap.org/candidates/297214/elections/,https://www.vpap.org/legislators/297214,297214,Dan Helmer,Dan Helmer was elected to the House of Delegates in 2019.,2019 House of Delegates - District 40 - Regular General,https://www.vpap.org/offices/house-of-delegates-40/elections/?year_and_type=2019regular,12030.0,0.0,"Helmer, Dan",True,D,False,"$1,865,487",1865487.0,N/A,N/A,N/A,N/A,N/A,N/A,N/A,N/A,N/A,N/A,Democrat,Caucasian,Male,38,Won by Less than 10%,New Jersey,District Office Area Code 571 / 703,Master's Degree,State University,No,Active (Reserves or Active Duty),"Business People / Management Consultant, Eddie Edwards Signs Inc","Between $100,001 and $500,000",Owns property that generates rental income or used for business,2020.0,0.0,D,True,False,1865487.0,N/A,N/A,N/A,N/A,"Hugo, Tim",False,R,True,"$2,086,041",2086041.0,N/A,N/A,N/A,N/A,N/A,N/A
Margaret Ransone,"Ransone, Margaret",https://www.vpap.org/candidates/85821,https://www.vpap.org/candidates/85821/elections/,https://www.vpap.org/legislators/85821,85821,Margaret Ransone,Margaret Ransone has served in the House of Delegates in 2012.,2019 House of Delegates - District 99 - Regular General,https://www.vpap.org/offices/house-of-delegates-99/elections/?year_and_type=2019regular,246.0,0.0,"Edwards, Francis",False,D,False,"$311,657",311657.0,2017 House of Delegates - District 99 - Regular General,https://www.vpap.org/offices/house-of-delegates-99/elections/?year_and_type=2017regular,0,0,"Edwards, Francis",False,D,False,"$250,864",250864.0,Republican,Caucasian,Female,46,Won by 10% or More,Virginia,District Office Area Code 804,Bachelors Degree,Private University; Randolph-Macon College,No,Non-Military,"Farmers/Agriculture / Seafood, Bevans Oyster Co","Between $100,001 and $500,000",Owns property that generates rental income or used for business,2012.0,8.0,R,True,True,278402.0,R,True,True,295429.0,"Ransone, Margaret",True,R,True,"$278,402",278402.0,"Ransone, Margaret",True,R,True,"$295,429",295429.0
Lenard Myers,"Myers, Len",https://www.vpap.org/candidates/307364,https://www.vpap.org/candidates/307364/elections/,https://www.vpap.org/legislators/307364,307364,Len Myers,Len Myers ran for the 81st House District in 2019.,2019 House of Delegates - District 81 - Regular General,https://www.vpap.org/offices/house-of-delegates-81/elections/?year_and_type=2019regular,4538.0,406.0,"Myers, Len",False,D,False,"$443,346",443346.0,N/A,N/A,N/A,N/A,N/A,N/A,N/A,N/A,N/A,N/A,,,,,,,,,,,,,,,,,D,False,False,443346.0,N/A,N/A,N/A,N/A,"Knight, Barry",True,R,True,"$524,577",524577.0,N/A,N/A,N/A,N/A,N/A,N/A
Heather Cordasco,"Cordasco, Heather",https://www.vpap.org/candidates/177209,https://www.vpap.org/candidates/177209/elections/,https://www.vpap.org/legislators/177209,177209,Heather Cordasco,Heather Cordasco ran for the 93rd House District in 2019.,2019 House of Delegates - District 93 - Regular General,https://www.vpap.org/offices/house-of-delegates-93/elections/?year_and_type=2019regular,0.0,0.0,"Mullin, Mike",True,D,True,"$461,913",461913.0,2017 House of Delegates - District 93 - Regular General,https://www.vpap.org/offices/house-of-delegates-93/elections/?year_and_type=2017regular,0,0,"Mullin, Mike",True,D,True,"$1,009,933",1009933.0,,,,,,,,,,,,,,,,,R,False,False,158407.0,R,False,False,840554.0,"Cordasco, Heather",False,R,False,"$158,407",158407.0,"Cordasco, Heather",False,R,False,"$840,554",840554.0
Charniele Herring,"Herring, Charniele",https://www.vpap.org/candidates/65422,https://www.vpap.org/candidates/65422/elections/,https://www.vpap.org/legislators/65422,65422,Charniele Herring,Charniele Herring has served the Virginia General Assembly since 2009.,2019 House of Delegates - District 46 - Regular General,https://www.vpap.org/offices/house-of-delegates-46/elections/?year_and_type=2019regular,0.0,0.0,"Herring, Charniele",True,D,True,"$370,382",370382.0,2017 House of Delegates - District 46 - Regular General,https://www.vpap.org/offices/house-of-delegates-46/elections/?year_and_type=2017regular,0,0,"Herring, Charniele",True,D,True,"$216,345",216345.0,Democrat,African-American,Female,50,Uncontested,Dominican Republic,District Office Area Code 571 / 703,Law Degree,State University,Yes,Non-Military,Lawyers / Attorney,"Less than $10,000",No property other than primary residence,2009.0,11.0,D,True,True,370382.0,D,True,True,216345.0,N/A,N/A,N/A,N/A,N/A,N/A,N/A,N/A,N/A,N/A,N/A,N/A
Paul Krizek,"Krizek, Paul",https://www.vpap.org/candidates/5856,https://www.vpap.org/candidates/5856/elections/,https://www.vpap.org/legislators/5856,5856,Paul Krizek,Paul Krizek has served in the House of Delegates since 2016.,2019 House of Delegates - District 44 - Regular General,https://www.vpap.org/offices/house-of-delegates-44/elections/?year_and_type=2019regular,0.0,23.0,"Krizek, Paul",True,D,True,"$179,059",179059.0,2017 House of Delegates - District 44 - Regular General,https://www.vpap.org/offices/house-of-delegates-44/elections/?year_and_type=2017regular,0,0,"Krizek, Paul",True,D,True,"$126,416",126416.0,Democrat,Caucasian,Male,58,Won by 10% or More,VIrginia,District Office Area Code 571 / 703,Law Degree,State University,Yes,Non-Military,"Nonprofit and Community Workers / NonProfit Executive, Christian Relief Services","Between $100,001 and $500,000",Owns property other than primary residence (no income reported),2016.0,4.0,D,True,True,179059.0,D,True,True,126416.0,"Hayden, Richard",False,R,False,"$18,478",18478.0,N/A,N/A,N/A,N/A,N/A,N/A
Clinton Jenkins,"Jenkins, Clint",https://www.vpap.org/candidates/107581,https://www.vpap.org/candidates/107581/elections/,https://www.vpap.org/legislators/107581,107581,Clint Jenkins,Clint Jenkins was elected to the House of Delegates in 2019.,2019 House of Delegates - District 76 - Regular General,https://www.vpap.org/offices/house-of-delegates-76/elections/?year_and_type=2019regular,5896.0,8766.0,"Jenkins, Clint",True,D,False,"$803,939",803939.0,N/A,N/A,N/A,N/A,N/A,N/A,N/A,N/A,N/A,N/A,Democrat,African-American,Male,57,Won by 10% or More,Pennsylvania,District Office Area Code 757,Bachelors Degree,Private University; Saint Leo University,No,Veteran,Other / Property Manager,"Less than $10,000",Owns property that generates rental income or used for business,2020.0,0.0,D,True,False,803939.0,N/A,N/A,N/A,N/A,"Jones, Chris",False,R,True,"$1,207,424",1207424.0,N/A,N/A,N/A,N/A,N/A,N/A
Cliff Hayes,"Hayes, Cliff",https://www.vpap.org/candidates/151974,https://www.vpap.org/candidates/151974/elections/,https://www.vpap.org/legislators/151974,151974,Cliff Hayes,Cliff Hayes has served in the House of Delegates since 2017.,2019 House of Delegates - District 77 - Regular General,https://www.vpap.org/offices/house-of-delegates-77/elections/?year_and_type=2019regular,0.0,0.0,"Hayes, Cliff",True,D,True,"$81,699",81699.0,2017 House of Delegates - District 77 - Regular General,https://www.vpap.org/offices/house-of-delegates-77/elections/?year_and_type=2017regular,0,0,"Hayes, Cliff",True,D,True,"$66,012",66012.0,Democrat,African-American,Male,52,Uncontested,Virginia,District Office Area Code 757,Master's Degree,State University,No,Non-Military,"Public Employees / Public Employee, Norfolk Sheriff's Office","Less than $10,000",No property other than primary residence,2016.0,4.0,D,True,True,81699.0,D,True,True,66012.0,N/A,N/A,N/A,N/A,N/A,N/A,N/A,N/A,N/A,N/A,N/A,N/A
Eileen Filler-Corn,"Filler-Corn, Eileen",https://www.vpap.org/candidates/28044,https://www.vpap.org/candidates/28044/elections/,https://www.vpap.org/legislators/28044,28044,Eileen Filler-Corn,Eileen Filler-Corn has served in the Virginia House of Delegates since 2010.,2019 House of Delegates - District 41 - Regular General,https://www.vpap.org/offices/house-of-delegates-41/elections/?year_and_type=2019regular,0.0,0.0,"Filler-Corn, Eileen",True,D,True,"$711,678",711678.0,2017 House of Delegates - District 41 - Regular General,https://www.vpap.org/offices/house-of-delegates-41/elections/?year_and_type=2017regular,0,0,"Filler-Corn, Eileen",True,D,True,"$307,548",307548.0,Democrat,Caucasian,Female,55,Won by 10% or More,New York,District Office Area Code 571 / 703,Law Degree,Private University; Ithaca College,Yes,Non-Military,"Public Affairs/Lobbyists / Government Relations, Albers & Co","Between $500,001 and $999,999",Owns property that generates rental income or used for business,2010.0,10.0,D,True,True,711678.0,D,True,True,307548.0,N/A,N/A,N/A,N/A,N/A,N/A,N/A,N/A,N/A,N/A,N/A,N/A
Ibraheem Samirah,"Samirah, Ibraheem",https://www.vpap.org/candidates/326685,https://www.vpap.org/candidates/326685/elections/,https://www.vpap.org/legislators/326685,326685,Ibraheem Samirah,Ibraheem Samirah was elected to the House of Delegates in a February 2019 special election.,2019 House of Delegates - District 86 - Special General,https://www.vpap.org/offices/house-of-delegates-86/elections/?year_and_type=2019special,0.0,0.0,"Samirah, Ibraheem",True,D,False,"$135,719",135719.0,N/A,N/A,N/A,N/A,N/A,N/A,N/A,N/A,N/A,N/A,Democrat,Caucasian,Male,28,Uncontested,Illinois,District Office Area Code 571 / 703,Medical Doctor,Private University; American University,No,Non-Military,Medical Professions / Dentist,"Less than $10,000",No property other than primary residence,2019.0,1.0,D,True,False,135719.0,N/A,N/A,N/A,N/A,"Nelson, Gregg",False,R,False,"$55,865",55865.0,N/A,N/A,N/A,N/A,N/A,N/A
Otto Wachsmann,"Wachsmann, Otto",https://www.vpap.org/candidates/21161,https://www.vpap.org/candidates/21161/elections/,https://www.vpap.org/legislators/21161,21161,Otto Wachsmann,Otto Wachsmann ran for the 75th House District in 2019.,2019 House of Delegates - District 75 - Regular General,https://www.vpap.org/offices/house-of-delegates-75/elections/?year_and_type=2019regular,0.0,0.0,"Tyler, Roslyn",True,D,True,"$199,808",199808.0,N/A,N/A,N/A,N/A,N/A,N/A,N/A,N/A,N/A,N/A,,,,,,,,,,,,,,,,,R,False,False,333548.0,N/A,N/A,N/A,N/A,"Wachsmann, Otto",False,R,False,"$333,548",333548.0,N/A,N/A,N/A,N/A,N/A,N/A
Don Scott,"Scott, Don",https://www.vpap.org/candidates/161511,https://www.vpap.org/candidates/161511/elections/,https://www.vpap.org/legislators/161511,161511,Don Scott,Don Scott was elected to the House of Delegates in 2019.,2019 House of Delegates - District 80 - Regular General,https://www.vpap.org/offices/house-of-delegates-80/elections/?year_and_type=2019regular,0.0,0.0,"Scott, Don",True,D,False,"$152,437",152437.0,N/A,N/A,N/A,N/A,N/A,N/A,N/A,N/A,N/A,N/A,Democrat,African-American,Male,54,Won by 10% or More,Texas,District Office Area Code 757,Law Degree,State University,Yes,Veteran,"Lawyers / Attorney, Law Office of Don Scott PLLC","Less than $10,000",Owns property that generates rental income or used for business,2020.0,0.0,D,True,False,152437.0,N/A,N/A,N/A,N/A,"Evans, Jim",False,R,False,"$20,953",20953.0,N/A,N/A,N/A,N/A,N/A,N/A
Nancy Guy,"Guy, Nancy",https://www.vpap.org/candidates/287227,https://www.vpap.org/candidates/287227/elections/,https://www.vpap.org/legislators/287227,287227,Nancy Guy,Nancy Guy was elected to the House of Delegates in 2019.,2019 House of Delegates - District 83 - Regular General,https://www.vpap.org/offices/house-of-delegates-83/elections/?year_and_type=2019regular,8174.0,406.0,"Guy, Nancy",True,D,False,"$1,300,978",1300978.0,N/A,N/A,N/A,N/A,N/A,N/A,N/A,N/A,N/A,N/A,Democrat,Caucasian,Female,62,Won by Less than 10%,Virginia,District Office Area Code 757,Law Degree,State University,Yes,Non-Military,Business People / Retired Consultant/Attorney,"Between $500,001 and $999,999",No property other than primary residence,2020.0,0.0,D,True,False,1300978.0,N/A,N/A,N/A,N/A,"Stolle, Chris",False,R,True,"$1,157,720",1157720.0,N/A,N/A,N/A,N/A,N/A,N/A
Scott Wyatt,"Wyatt, Scott",https://www.vpap.org/candidates/194425,https://www.vpap.org/candidates/194425/elections/,https://www.vpap.org/legislators/194425,194425,Scott Wyatt,Scott Wyatt is the GOP candidate in the 97th House district.,2019 House of Delegates - District 97 - Regular General,https://www.vpap.org/offices/house-of-delegates-97/elections/?year_and_type=2019regular,469.0,375.0,"Washington, Kevin",False,D,False,"$89,165",89165.0,N/A,N/A,N/A,N/A,N/A,N/A,N/A,N/A,N/A,N/A,Republican,Caucasian,Male,56,Won by 10% or More,Virginia,District Office Area Code 804,Community College/Trade School,Not Applicable,No,Non-Military,Business People / Retired Verizon Operations Manager,"Between $500,001 and $999,999",Owns property that generates rental income or used for business,2020.0,0.0,R,True,False,147912.0,N/A,N/A,N/A,N/A,"Wyatt, Scott",True,R,False,"$147,912",147912.0,N/A,N/A,N/A,N/A,N/A,N/A
Jason Miyares,"Miyares, Jason",https://www.vpap.org/candidates/35057,https://www.vpap.org/candidates/35057/elections/,https://www.vpap.org/legislators/35057,35057,Jason Miyares,Jason Miyares has served in the House of Delegates since 2016.,2019 House of Delegates - District 82 - Regular General,https://www.vpap.org/offices/house-of-delegates-82/elections/?year_and_type=2019regular,0.0,0.0,"Johnson, Gayle",False,D,False,"$127,936",127936.0,2017 House of Delegates - District 82 - Regular General,https://www.vpap.org/offices/house-of-delegates-82/elections/?year_and_type=2017regular,5438.0,0,"Bowling, Leigh Anne",False,D,False,"$15,705",15705.0,Republican,Hispanic,Male,43,Won by 10% or More,North Carolina,District Office Area Code 757,Law Degree,State University,Yes,Non-Military,"Other / Consultant, Miyares Consulting Group","Between $10,001 and $100,000",No property other than primary residence,2016.0,4.0,R,True,True,352895.0,R,True,True,238181.0,"Miyares, Jason",True,R,True,"$352,895",352895.0,"Miyares, Jason",True,R,True,"$238,181",238181.0
Lee Carter,"Carter, Lee",https://www.vpap.org/candidates/280575,https://www.vpap.org/candidates/280575/elections/,https://www.vpap.org/legislators/280575,280575,Lee Carter,Lee Carter won election to the House of Delegates in November 2017.,2019 House of Delegates - District 50 - Regular General,https://www.vpap.org/offices/house-of-delegates-50/elections/?year_and_type=2019regular,0.0,771.0,"Carter, Lee",True,D,True,"$508,898",508898.0,2017 House of Delegates - District 50 - Regular General,https://www.vpap.org/offices/house-of-delegates-50/elections/?year_and_type=2017regular,317.0,0,"Carter, Lee",True,D,False,"$283,242",283242.0,Democrat,Caucasian,Male,32,Won by Less than 10%,North Carolina,District Office Area Code 571 / 703,Community College/Trade School,Not Applicable,No,Veteran,Business People / IT Specialist,"Less than $10,000",No property other than primary residence,2018.0,2.0,D,True,True,508898.0,D,True,False,283242.0,"Lovejoy, Ian",False,R,False,"$685,978",685978.0,"Miller, Jackson",False,R,True,"$500,951",500951.0
Shelly Simonds,"Simonds, Shelly",https://www.vpap.org/candidates/106052,https://www.vpap.org/candidates/106052/elections/,https://www.vpap.org/legislators/106052,106052,Shelly Simonds,Shelly Simonds was elected to the House of Delegates in 2019.,2019 House of Delegates - District 94 - Regular General,https://www.vpap.org/offices/house-of-delegates-94/elections/?year_and_type=2019regular,10372.0,0.0,"Simonds, Shelly",True,D,False,"$1,414,077",1414077.0,2017 House of Delegates - District 94 - Regular General,https://www.vpap.org/offices/house-of-delegates-94/elections/?year_and_type=2017regular,0,0,"Simonds, Shelly",False,D,False,"$576,954",576954.0,Democrat,Caucasian,Female,52,Won by 10% or More,Ohio,District Office Area Code 757,Master's Degree,Private University; Bucknell University,No,Non-Military,Other / Property Manager,"Between $500,001 and $999,999",Owns property that generates rental income or used for business,2020.0,0.0,D,True,False,1414077.0,D,False,False,576954.0,"Yancey, David",False,R,True,"$666,096",666096.0,"Yancey, David",True,R,True,"$663,964",663964.0
David Yancey,"Yancey, David",https://www.vpap.org/candidates/165088,https://www.vpap.org/candidates/165088/elections/,https://www.vpap.org/legislators/165088,165088,David Yancey,David Yancey has served in the House of Delegates since 2012.,2019 House of Delegates - District 94 - Regular General,https://www.vpap.org/offices/house-of-delegates-94/elections/?year_and_type=2019regular,0.0,4834.0,"Simonds, Shelly",True,D,False,"$1,414,077",1414077.0,2017 House of Delegates - District 94 - Regular General,https://www.vpap.org/offices/house-of-delegates-94/elections/?year_and_type=2017regular,0,0,"Simonds, Shelly",False,D,False,"$576,954",576954.0,Republican,Caucasian,Male,47,Won by Less than 10%,Virginia,District Office Area Code 757,Bachelors Degree,State University,No,Non-Military,"Business People / Real Estate Developer, JP Yancey Partnership","Between $100,001 and $500,000",Owns property that generates rental income or used for business,2012.0,8.0,R,False,True,666096.0,R,True,True,663964.0,"Yancey, David",False,R,True,"$666,096",666096.0,"Yancey, David",True,R,True,"$663,964",663964.0
Barry Knight,"Knight, Barry",https://www.vpap.org/candidates/87338,https://www.vpap.org/candidates/87338/elections/,https://www.vpap.org/legislators/87338,87338,Barry Knight,Barry Knight has served the Virginia General Assembly since January 2009.,2019 House of Delegates - District 81 - Regular General,https://www.vpap.org/offices/house-of-delegates-81/elections/?year_and_type=2019regular,1153.0,4538.0,"Myers, Len",False,D,False,"$443,346",443346.0,2017 House of Delegates - District 81 - Regular General,https://www.vpap.org/offices/house-of-delegates-81/elections/?year_and_type=2017regular,0,0,"Tucker, Kimberly",False,D,False,"$46,670",46670.0,Republican,Caucasian,Male,65,Won by Less than 10%,Virginia,District Office Area Code 757,High School or Less,Not Applicable,No,Non-Military,Farmers/Agriculture / Farmer,"Between $100,001 and $500,000",Owns property that generates rental income or used for business,2009.0,11.0,R,True,True,524577.0,R,True,True,381570.0,"Knight, Barry",True,R,True,"$524,577",524577.0,"Knight, Barry",True,R,True,"$381,570",381570.0
Richard Hayden,"Hayden, Richard",https://www.vpap.org/candidates/333277,https://www.vpap.org/candidates/333277/elections/,https://www.vpap.org/legislators/333277,333277,Richard Hayden,Richard Hayden ran for the 44th House District in 2019.,2019 House of Delegates - District 44 - Regular General,https://www.vpap.org/offices/house-of-delegates-44/elections/?year_and_type=2019regular,0.0,0.0,"Krizek, Paul",True,D,True,"$179,059",179059.0,N/A,N/A,N/A,N/A,N/A,N/A,N/A,N/A,N/A,N/A,,,,,,,,,,,,,,,,,R,False,False,18478.0,N/A,N/A,N/A,N/A,"Hayden, Richard",False,R,False,"$18,478",18478.0,N/A,N/A,N/A,N/A,N/A,N/A
Kevin Washington,"Washington, Kevin",https://www.vpap.org/candidates/338583,https://www.vpap.org/candidates/338583/elections/,https://www.vpap.org/legislators/338583,338583,Kevin Washington,Kevin Washington ran for the 97th House of Delegates District in 2019,2019 House of Delegates - District 97 - Regular General,https://www.vpap.org/offices/house-of-delegates-97/elections/?year_and_type=2019regular,0.0,0.0,"Washington, Kevin",False,D,False,"$89,165",89165.0,N/A,N/A,N/A,N/A,N/A,N/A,N/A,N/A,N/A,N/A,,,,,,,,,,,,,,,,,D,False,False,89165.0,N/A,N/A,N/A,N/A,"Wyatt, Scott",True,R,False,"$147,912",147912.0,N/A,N/A,N/A,N/A,N/A,N/A
Kathy Tran,"Tran, Kathy",https://www.vpap.org/candidates/289614,https://www.vpap.org/candidates/289614/elections/,https://www.vpap.org/legislators/289614,289614,Kathy Tran,Kathy Tran won election to the House of Delegates in November 2017.,2019 House of Delegates - District 42 - Regular General,https://www.vpap.org/offices/house-of-delegates-42/elections/?year_and_type=2019regular,0.0,273.0,"Tran, Kathy",True,D,True,"$559,696",559696.0,2017 House of Delegates - District 42 - Regular General,https://www.vpap.org/offices/house-of-delegates-42/elections/?year_and_type=2017regular,476.0,23432.0,"Tran, Kathy",True,D,False,"$664,416",664416.0,Democrat,Asian,Female,40,Won by 10% or More,Vietnam,District Office Area Code 571 / 703,Master's Degree,Private University; Duke University,No,Non-Military,Other / Workforce Policy Consultant,"Between $100,001 and $500,000",No property other than primary residence,2018.0,2.0,D,True,True,559696.0,D,True,False,664416.0,"Adragna, Steve",False,R,False,"$88,051",88051.0,"Mancheno-Smoak, Lolita",False,R,False,"$150,816",150816.0
Mark Cole,"Cole, Mark",https://www.vpap.org/candidates/35256,https://www.vpap.org/candidates/35256/elections/,https://www.vpap.org/legislators/35256,35256,Mark Cole,Mark Cole has served in the Virginia House of Delegates since 2002.,2019 House of Delegates - District 88 - Regular General,https://www.vpap.org/offices/house-of-delegates-88/elections/?year_and_type=2019regular,13179.0,0.0,"Foster, Jess",False,D,False,"$183,267",183267.0,2017 House of Delegates - District 88 - Regular General,https://www.vpap.org/offices/house-of-delegates-88/elections/?year_and_type=2017regular,0,0,"Aycock, Steve",False,D,False,"$63,488",63488.0,Republican,Caucasian,Male,61,Won by 10% or More,Kentucky,District Office Area Code 540,Bachelors Degree,State University,No,Veteran,"Educators / Local Govt Employee, County of Spotsylvania","Between $100,001 and $500,000",Owns property other than primary residence (no income reported),2002.0,18.0,R,True,True,88823.0,R,True,True,55058.0,"Cole, Mark",True,R,True,"$88,823",88823.0,"Cole, Mark",True,R,True,"$55,058",55058.0
Keith Hodges,"Hodges, Keith",https://www.vpap.org/candidates/54884,https://www.vpap.org/candidates/54884/elections/,https://www.vpap.org/legislators/54884,54884,Keith Hodges,Keith Hodges has served in the House of Delegates in 2012.,2019 House of Delegates - District 98 - Regular General,https://www.vpap.org/offices/house-of-delegates-98/elections/?year_and_type=2019regular,0.0,0.0,"Webster, Ella",False,D,False,"$28,623",28623.0,2017 House of Delegates - District 98 - Regular General,https://www.vpap.org/offices/house-of-delegates-98/elections/?year_and_type=2017regular,0,0,"Crowley, Sheila",False,D,False,"$141,351",141351.0,Republican,Caucasian,Male,53,Won by 10% or More,Virginia,District Office Area Code 804,Bachelors Degree,State University,No,Non-Military,"Medical Professions / Pharmacist, Gloucester Pharmacy","Between $100,001 and $500,000",Owns property other than primary residence (no income reported),2012.0,8.0,R,True,True,75912.0,R,True,True,123486.0,"Hodges, Keith",True,R,True,"$75,912",75912.0,"Hodges, Keith",True,R,True,"$123,486",123486.0
Steve Heretick,"Heretick, Steve",https://www.vpap.org/candidates/34197,https://www.vpap.org/candidates/34197/elections/,https://www.vpap.org/legislators/34197,34197,Steve Heretick,Steve Heretick has served in the House of Delegates since 2016.,2019 House of Delegates - District 79 - Regular General,https://www.vpap.org/offices/house-of-delegates-79/elections/?year_and_type=2019regular,0.0,0.0,"Heretick, Steve",True,D,True,"$160,283",160283.0,2017 House of Delegates - District 79 - Regular General,https://www.vpap.org/offices/house-of-delegates-79/elections/?year_and_type=2017regular,0,0,"Heretick, Steve",True,D,True,"$58,753",58753.0,Democrat,Caucasian,Male,59,Uncontested,Virginia,District Office Area Code 757,Law Degree,State University,Yes,Non-Military,"Lawyers / Attorney, Heretick Law","Less than $10,000",Owns property that generates rental income or used for business,2016.0,4.0,D,True,True,160283.0,D,True,True,58753.0,N/A,N/A,N/A,N/A,N/A,N/A,N/A,N/A,N/A,N/A,N/A,N/A
Mary Kastelberg,"Kastelberg, Mary Margaret",https://www.vpap.org/candidates/330260,https://www.vpap.org/candidates/330260/elections/,https://www.vpap.org/legislators/330260,330260,Mary Margaret Kastelberg,Mary Margaret Kastelberg ran for the 73rd House of Delegates District in 2019,2019 House of Delegates - District 73 - Regular General,https://www.vpap.org/offices/house-of-delegates-73/elections/?year_and_type=2019regular,31826.0,11001.0,"Willett, Rodney",True,D,False,"$1,251,820",1251820.0,N/A,N/A,N/A,N/A,N/A,N/A,N/A,N/A,N/A,N/A,,,,,,,,,,,,,,,,,R,False,False,1077519.0,N/A,N/A,N/A,N/A,"Kastelberg, Mary Margaret",False,R,False,"$1,077,519",1077519.0,N/A,N/A,N/A,N/A,N/A,N/A
Nick Bell,"Bell, Nick",https://www.vpap.org/candidates/331655,https://www.vpap.org/candidates/331655/elections/,https://www.vpap.org/legislators/331655,331655,Nick Bell,Nick Bell ran for the 39th House District in 2019.,2019 House of Delegates - District 39 - Regular General,https://www.vpap.org/offices/house-of-delegates-39/elections/?year_and_type=2019regular,0.0,0.0,"Watts, Vivian",True,D,True,"$154,791",154791.0,N/A,N/A,N/A,N/A,N/A,N/A,N/A,N/A,N/A,N/A,,,,,,,,,,,,,,,,,R,False,False,185339.0,N/A,N/A,N/A,N/A,"Bell, Nick",False,R,False,"$185,339",185339.0,N/A,N/A,N/A,N/A,N/A,N/A
Bill Drennan,"Drennan, Bill",https://www.vpap.org/candidates/330982,https://www.vpap.org/candidates/330982/elections/,https://www.vpap.org/legislators/330982,330982,Bill Drennan,Bill Drennan ran for the 87th District in the House of Delegates in 2019,2019 House of Delegates - District 87 - Regular General,https://www.vpap.org/offices/house-of-delegates-87/elections/?year_and_type=2019regular,0.0,0.0,"Subramanyam, Suhas",True,D,False,"$369,986",369986.0,N/A,N/A,N/A,N/A,N/A,N/A,N/A,N/A,N/A,N/A,,,,,,,,,,,,,,,,,R,False,False,22845.0,N/A,N/A,N/A,N/A,"Drennan, Bill",False,R,False,"$22,845",22845.0,N/A,N/A,N/A,N/A,N/A,N/A
Francis Edwards,"Edwards, Francis",https://www.vpap.org/candidates/289708,https://www.vpap.org/candidates/289708/elections/,https://www.vpap.org/legislators/289708,289708,Francis Edwards,Francis Edwards ran for the 99th House District in November 2019.,2019 House of Delegates - District 99 - Regular General,https://www.vpap.org/offices/house-of-delegates-99/elections/?year_and_type=2019regular,0.0,0.0,"Edwards, Francis",False,D,False,"$311,657",311657.0,2017 House of Delegates - District 99 - Regular General,https://www.vpap.org/offices/house-of-delegates-99/elections/?year_and_type=2017regular,0,0,"Edwards, Francis",False,D,False,"$250,864",250864.0,,,,,,,,,,,,,,,,,D,False,False,311657.0,D,False,False,250864.0,"Ransone, Margaret",True,R,True,"$278,402",278402.0,"Ransone, Margaret",True,R,True,"$295,429",295429.0
Colleen Holcomb,"Holcomb, Colleen",https://www.vpap.org/candidates/328240,https://www.vpap.org/candidates/328240/elections/,https://www.vpap.org/legislators/328240,328240,Colleen Holcomb,Colleen Holcomb ran for the House of Delegates in District 91 in 2019,2019 House of Delegates - District 91 - Regular General,https://www.vpap.org/offices/house-of-delegates-91/elections/?year_and_type=2019regular,336.0,7003.0,"Mugler, Martha",True,D,False,"$658,168",658168.0,N/A,N/A,N/A,N/A,N/A,N/A,N/A,N/A,N/A,N/A,,,,,,,,,,,,,,,,,R,False,False,135293.0,N/A,N/A,N/A,N/A,"Holcomb, Colleen",False,R,False,"$135,293",135293.0,N/A,N/A,N/A,N/A,N/A,N/A
Steve Adragna,"Adragna, Steve",https://www.vpap.org/candidates/25373,https://www.vpap.org/candidates/25373/elections/,https://www.vpap.org/legislators/25373,25373,Steve Adragna,Steve Adragna ran for House District 42 in 2019.,2019 House of Delegates - District 42 - Regular General,https://www.vpap.org/offices/house-of-delegates-42/elections/?year_and_type=2019regular,559.0,0.0,"Tran, Kathy",True,D,True,"$559,696",559696.0,N/A,N/A,N/A,N/A,N/A,N/A,N/A,N/A,N/A,N/A,,,,,,,,,,,,,,,,,R,False,False,88051.0,N/A,N/A,N/A,N/A,"Adragna, Steve",False,R,False,"$88,051",88051.0,N/A,N/A,N/A,N/A,N/A,N/A
Chris Stolle,"Stolle, Chris",https://www.vpap.org/candidates/93007,https://www.vpap.org/candidates/93007/elections/,https://www.vpap.org/legislators/93007,93007,Chris Stolle,Chris Stolle has served in the House of Delegates since 2010.,2019 House of Delegates - District 83 - Regular General,https://www.vpap.org/offices/house-of-delegates-83/elections/?year_and_type=2019regular,997.0,4596.0,"Guy, Nancy",True,D,False,"$1,300,978",1300978.0,2017 House of Delegates - District 83 - Regular General,https://www.vpap.org/offices/house-of-delegates-83/elections/?year_and_type=2017regular,5478.0,0,"Rose-Carmack, David",False,D,False,"$28,967",28967.0,Republican,Caucasian,Male,61,Won by 10% or More,Virginia,District Office Area Code 757,Medical Doctor,State University,No,Veteran,"Medical Professions / Physician, Riverside Health System","Between $500,001 and $999,999",No property other than primary residence,2010.0,10.0,R,False,True,1157720.0,R,True,True,196785.0,"Stolle, Chris",False,R,True,"$1,157,720",1157720.0,"Stolle, Chris",True,R,True,"$196,785",196785.0
Glenn Davis,"Davis, Glenn",https://www.vpap.org/candidates/84659,https://www.vpap.org/candidates/84659/elections/,https://www.vpap.org/legislators/84659,84659,Glenn Davis,Glenn Davis has served in the House of Delegates since 2014.,2019 House of Delegates - District 84 - Regular General,https://www.vpap.org/offices/house-of-delegates-84/elections/?year_and_type=2019regular,406.0,7264.0,"Mallard, Karen",False,D,False,"$942,344",942344.0,2017 House of Delegates - District 84 - Regular General,https://www.vpap.org/offices/house-of-delegates-84/elections/?year_and_type=2017regular,5998.0,0,"Coleman, Veronica",False,D,False,"$48,959",48959.0,Republican,Caucasian,Male,46,Won by Less than 10%,Virginia,District Office Area Code 757,High School or Less,Not Applicable,No,Non-Military,"Business People / On Call Holdings International, On Call Holdings International LLC","Less than $10,000",Owns property that generates rental income or used for business,2014.0,6.0,R,True,True,467050.0,R,True,True,131662.0,"Davis, Glenn",True,R,True,"$467,050",467050.0,"Davis, Glenn",True,R,True,"$131,662",131662.0
Rocky Holcomb,"Holcomb, Rocky",https://www.vpap.org/candidates/98014,https://www.vpap.org/candidates/98014/elections/,https://www.vpap.org/legislators/98014,98014,Rocky Holcomb,Rocky Holcomb has served in the House of Delegates since 2017. He lost a bid for re-election November 2017.,2019 House of Delegates - District 85 - Regular General,https://www.vpap.org/offices/house-of-delegates-85/elections/?year_and_type=2019regular,22389.0,7411.0,"Askew, Alex",True,D,False,"$1,266,169",1266169.0,2017 House of Delegates - District 85 - Special General,https://www.vpap.org/offices/house-of-delegates-85/elections/?year_and_type=2017special,0,0,"Turpin, Cheryl",False,D,False,"$610,650",610650.0,,,,,,,,,,,,,,,,,R,False,False,908330.0,R,True,False,476308.0,"Holcomb, Rocky",False,R,False,"$908,330",908330.0,"Holcomb, Rocky",True,R,False,"$476,308",476308.0
Chris Jones,"Jones, Chris",https://www.vpap.org/candidates/26133,https://www.vpap.org/candidates/26133/elections/,https://www.vpap.org/legislators/26133,26133,Chris Jones,Chris Jones has served in the Virginia House of Delegates since 1998.,2019 House of Delegates - District 76 - Regular General,https://www.vpap.org/offices/house-of-delegates-76/elections/?year_and_type=2019regular,357.0,5896.0,"Jenkins, Clint",True,D,False,"$803,939",803939.0,2017 House of Delegates - District 76 - Regular General,https://www.vpap.org/offices/house-of-delegates-76/elections/?year_and_type=2017regular,0,0,N/A,N/A,N/A,N/A,N/A,N/A,Republican,Caucasian,Male,61,Uncontested,Virginia,District Office Area Code 757,Bachelors Degree,State University,No,Non-Military,"Medical Professions / Pharmacist, Bennett's Creek Pharmacy","Greater than $1,000,000",Owns property that generates rental income or used for business,1998,22,R,False,True,1207424.0,R,True,True,680084.0,"Jones, Chris",False,R,True,"$1,207,424",1207424.0,"Jones, Chris",True,R,True,"$680,084",680084.0
Amanda Batten,"Batten, Amanda",https://www.vpap.org/candidates/309907,https://www.vpap.org/candidates/309907/elections/,https://www.vpap.org/legislators/309907,309907,Amanda Batten,Amanda Batten was elected to the House of Delegates in 2019.,2019 House of Delegates - District 96 - Regular General,https://www.vpap.org/offices/house-of-delegates-96/elections/?year_and_type=2019regular,17564.0,0.0,"Downey, Mark",False,D,False,"$182,444",182444.0,N/A,N/A,N/A,N/A,N/A,N/A,N/A,N/A,N/A,N/A,Republican,Caucasian,Female,40,Won by Less than 10%,District of Columbia,District Office Area Code 757,Bachelors Degree,Private University; Ashford University,No,Non-Military,Other,"Between $100,001 and $500,000",Owns property other than primary residence (no income reported),2020,0,R,True,False,133731.0,N/A,N/A,N/A,N/A,"Batten, Amanda",True,R,False,"$133,731",133731.0,N/A,N/A,N/A,N/A,N/A,N/A
Jim Evans,"Evans, Jim",https://www.vpap.org/candidates/343545,https://www.vpap.org/candidates/343545/elections/,https://www.vpap.org/legislators/343545,343545,Jim Evans,Jim Evans ran for the 80th House District in 2019,2019 House of Delegates - District 80 - Regular General,https://www.vpap.org/offices/house-of-delegates-80/elections/?year_and_type=2019regular,0.0,0.0,"Scott, Don",True,D,False,"$152,437",152437.0,N/A,N/A,N/A,N/A,N/A,N/A,N/A,N/A,N/A,N/A,,,,,,,,,,,,,,,,,R,False,False,20953.0,N/A,N/A,N/A,N/A,"Evans, Jim",False,R,False,"$20,953",20953.0,N/A,N/A,N/A,N/A,N/A,N/A
Mark Levine,"Levine, Mark",https://www.vpap.org/candidates/248271,https://www.vpap.org/candidates/248271/elections/,https://www.vpap.org/legislators/248271,248271,Mark Levine,Mark Levine has served in the House of Delegates since 2016.,2019 House of Delegates - District 45 - Regular General,https://www.vpap.org/offices/house-of-delegates-45/elections/?year_and_type=2019regular,0.0,23.0,"Levine, Mark",True,D,True,"$146,801",146801.0,2017 House of Delegates - District 45 - Regular General,https://www.vpap.org/offices/house-of-delegates-45/elections/?year_and_type=2017regular,0,0,"Levine, Mark",True,D,True,"$122,618",122618.0,Democrat,Caucasian,Male,53,Uncontested,Tennessee,District Office Area Code 571 / 703,Law Degree,Private University; Harvard University,Yes,Non-Military,Lawyers / Attorney,"Greater than $1,000,000",Owns property other than primary residence (no income reported),2016,4,D,True,True,146801.0,D,True,True,122618.0,N/A,N/A,N/A,N/A,N/A,N/A,N/A,N/A,N/A,N/A,N/A,N/A
