search_string,candidate_yoda_name,candidate_page_link,elections_page_link,legislator_page_link,vpap_candidate_num,name,summary,2019_upper_election_name,2019_upper_election_link,2019_upper_ie_support,2019_upper_ie_oppose,2019_upper_name_R,2019_upper_winner_R,2019_upper_party_R,2019_upper_incumbency_R,2019_upper_money_raised_text_R,2019_upper_money_raised_R,2019_upper_name_D,2019_upper_winner_D,2019_upper_party_D,2019_upper_incumbency_D,2019_upper_money_raised_text_D,2019_upper_money_raised_D,bio_political_party,bio_race,bio_gender,bio_age,bio_margin_of_victory,bio_birth_state,bio_region,bio_education_level,bio_undergrad_public_private,bio_attorney,bio_military,bio_occupation,bio_stocksinvestments,bio_real_estate,bio_member_since,bio_years_of_service,2019_upper_candidate_party,2019_upper_is_winner,2019_upper_is_incumbent,2019_upper_raised,2017_upper_candidate_party,2017_upper_is_winner,2017_upper_is_incumbent,2017_upper_raised,2019_lower_election_name,2019_lower_election_link,2019_lower_ie_support,2019_lower_ie_oppose,2019_lower_name_D,2019_lower_winner_D,2019_lower_party_D,2019_lower_incumbency_D,2019_lower_money_raised_text_D,2019_lower_money_raised_D,2017_lower_election_name,2017_lower_election_link,2017_lower_ie_support,2017_lower_ie_oppose,2017_lower_name_D,2017_lower_winner_D,2017_lower_party_D,2017_lower_incumbency_D,2017_lower_money_raised_text_D,2017_lower_money_raised_D,2017_lower_name_R,2017_lower_winner_R,2017_lower_party_R,2017_lower_incumbency_R,2017_lower_money_raised_text_R,2017_lower_money_raised_R,2019_lower_candidate_party,2019_lower_is_winner,2019_lower_is_incumbent,2019_lower_raised,2017_lower_candidate_party,2017_lower_is_winner,2017_lower_is_incumbent,2017_lower_raised,2017_upper_election_name,2017_upper_election_link,2017_upper_ie_support,2017_upper_ie_oppose,2017_upper_name_R,2017_upper_winner_R,2017_upper_party_R,2017_upper_incumbency_R,2017_upper_money_raised_text_R,2017_upper_money_raised_R,2017_upper_name_D,2017_upper_winner_D,2017_upper_party_D,2017_upper_incumbency_D,2017_upper_money_raised_text_D,2017_upper_money_raised_D,2017_other_election_name,2017_other_election_link,2017_other_ie_support,2017_other_ie_oppose,2017_other_name_D,2017_other_winner_D,2017_other_party_D,2017_other_incumbency_D,2017_other_money_raised_text_D,2017_other_money_raised_D,2017_other_name_R,2017_other_winner_R,2017_other_party_R,2017_other_incumbency_R,2017_other_money_raised_text_R,2017_other_money_raised_R,2019_other_candidate_party,2019_other_is_winner,2019_other_is_incumbent,2019_other_raised,2017_other_candidate_party,2017_other_is_winner,2017_other_is_incumbent,2017_other_raised
Amanda Chase,"Chase, Amanda",https://www.vpap.org/candidates/180244,https://www.vpap.org/candidates/180244/elections/,https://www.vpap.org/legislators/180244,180244,Amanda Chase,Amanda Chase has served in the State Senate since 2016.,2019 State Senate - District 11 - Regular General,https://www.vpap.org/offices/state-senate-11/elections/?year_and_type=2019regular,328.0,0.0,"Chase, Amanda",True,R,True,"$624,172",624172.0,"Pohl, Amanda",False,D,False,"$741,939",741939.0,Republican,Caucasian,Female,50,Won by Less than 10%,Alabama,District Office Area Code 804,Bachelors Degree,State University,No,Non-Military,"Other / Consultant, Chase Consulting","Between $500,001 and $999,999",Owns property other than primary residence (no income reported),2016.0,4.0,R,True,True,624172.0,N/A,N/A,N/A,N/A,N/A,N/A,N/A,N/A,N/A,N/A,N/A,N/A,N/A,N/A,N/A,N/A,N/A,N/A,N/A,N/A,N/A,N/A,N/A,N/A,N/A,N/A,N/A,N/A,N/A,N/A,N/A,N/A,N/A,N/A,N/A,N/A,N/A,N/A,N/A,N/A,N/A,N/A,N/A,N/A,N/A,N/A,N/A,N/A,N/A,N/A,N/A,N/A,N/A,N/A,N/A,N/A,N/A,N/A,N/A,N/A,N/A,N/A,N/A,N/A,N/A,N/A,N/A,N/A,N/A,N/A,N/A,N/A,N/A,N/A,N/A,N/A,N/A,N/A
Arthur Purves,"Purves, Arthur",https://www.vpap.org/candidates/39482,https://www.vpap.org/candidates/39482/elections/,https://www.vpap.org/legislators/39482,39482,Arthur Purves,Arthur Purves ran for the 32nd State Senate District in 2019,2019 State Senate - District 32 - Regular General,https://www.vpap.org/offices/state-senate-32/elections/?year_and_type=2019regular,0.0,0.0,"Purves, Arthur",False,R,False,"$10,444",10444.0,"Howell, Janet",True,D,True,"$537,384",537384.0,,,,,,,,,,,,,,,,,R,False,False,10444.0,N/A,N/A,N/A,N/A,N/A,N/A,N/A,N/A,N/A,N/A,N/A,N/A,N/A,N/A,N/A,N/A,N/A,N/A,N/A,N/A,N/A,N/A,N/A,N/A,N/A,N/A,N/A,N/A,N/A,N/A,N/A,N/A,N/A,N/A,N/A,N/A,N/A,N/A,N/A,N/A,N/A,N/A,N/A,N/A,N/A,N/A,N/A,N/A,N/A,N/A,N/A,N/A,N/A,N/A,N/A,N/A,N/A,N/A,N/A,N/A,N/A,N/A,N/A,N/A,N/A,N/A,N/A,N/A,N/A,N/A,N/A,N/A,N/A,N/A,N/A,N/A,N/A,N/A
Jennifer Boysko,"Boysko, Jennifer",https://www.vpap.org/candidates/82434,https://www.vpap.org/candidates/82434/elections/,https://www.vpap.org/legislators/82434,82434,Jennifer Boysko,Jennifer Boysko was elected to the Virginia Senate in January 2019. She served in the House from 2016 to 2019.,2019 State Senate - District 33 - Special General,https://www.vpap.org/offices/state-senate-33/elections/?year_and_type=2019special,0.0,0.0,"May, Joe",False,R,False,"$179,206",179206.0,"Boysko, Jennifer",True,D,False,"$679,180",679180.0,Democrat,Caucasian,Female,53,Won by 10% or More,Arkansas,District Office Area Code 571 / 703,Bachelors Degree,Private University; Hollins University,No,Non-Military,Other,"Between $500,001 and $999,999",No property other than primary residence,2019.0,4.0,D,True,False,679180.0,N/A,N/A,N/A,N/A,2019 House of Delegates - District 86 - Regular General,https://www.vpap.org/offices/house-of-delegates-86/elections/?year_and_type=2019regular,0.0,0.0,"Samirah, Ibraheem",True,D,True,"$57,994",57994.0,2017 House of Delegates - District 86 - Regular General,https://www.vpap.org/offices/house-of-delegates-86/elections/?year_and_type=2017regular,0.0,0.0,"Boysko, Jennifer",True,D,True,"$284,642",284642.0,"Schulz, Linda",False,R,False,"$20,767",20767.0,N/A,N/A,N/A,N/A,D,True,True,284642.0,N/A,N/A,N/A,N/A,N/A,N/A,N/A,N/A,N/A,N/A,N/A,N/A,N/A,N/A,N/A,N/A,N/A,N/A,N/A,N/A,N/A,N/A,N/A,N/A,N/A,N/A,N/A,N/A,N/A,N/A,N/A,N/A,N/A,N/A,N/A,N/A,N/A,N/A,N/A,N/A
Tommy Norment,"Norment, Tommy",https://www.vpap.org/candidates/5678,https://www.vpap.org/candidates/5678/elections/,https://www.vpap.org/legislators/5678,5678,Tommy Norment,Thomas K. Norment Jr. has served in the State Senate since 1992.,2019 State Senate - District 3 - Regular General,https://www.vpap.org/offices/state-senate-3/elections/?year_and_type=2019regular,0.0,0.0,"Norment, Tommy",True,R,True,"$1,882,145",1882145.0,"Jones, Herb",False,D,False,"$96,488",96488.0,Republican,Caucasian,Male,73,Won by 10% or More,Virginia,District Office Area Code 757,Law Degree,State University,Yes,Non-Military,"Lawyers / Attorney, Kaufman & Canoles","Greater than $1,000,000",Owns property that generates rental income or used for business,1992.0,28.0,R,True,True,1882145.0,N/A,N/A,N/A,N/A,N/A,N/A,N/A,N/A,N/A,N/A,N/A,N/A,N/A,N/A,N/A,N/A,N/A,N/A,N/A,N/A,N/A,N/A,N/A,N/A,N/A,N/A,N/A,N/A,N/A,N/A,N/A,N/A,N/A,N/A,N/A,N/A,N/A,N/A,N/A,N/A,N/A,N/A,N/A,N/A,N/A,N/A,N/A,N/A,N/A,N/A,N/A,N/A,N/A,N/A,N/A,N/A,N/A,N/A,N/A,N/A,N/A,N/A,N/A,N/A,N/A,N/A,N/A,N/A,N/A,N/A,N/A,N/A,N/A,N/A,N/A,N/A,N/A,N/A
Cheryl Turpin,"Turpin, Cheryl",https://www.vpap.org/candidates/262255,https://www.vpap.org/candidates/262255/elections/,https://www.vpap.org/legislators/262255,262255,Cheryl Turpin,Cheryl Turpin ran for the 7th Senate District in 2019. She previously served in the House of Delegates.,2019 State Senate - District 7 - Regular General,https://www.vpap.org/offices/state-senate-7/elections/?year_and_type=2019regular,2080.0,5917.0,"Kiggans, Jen",True,R,False,"$1,531,936",1531936.0,"Turpin, Cheryl",False,D,False,"$2,372,640",2372640.0,Democrat,Caucasian,Female,56,Won by Less than 10%,North Carolina,District Office Area Code 757,Master's Degree,Private University; Virginia Commonwealth University,No,Non-Military,"Educators / Schoolteacher, City of Virginia Beach Public Schools","Between $100,001 and $500,000",No property other than primary residence,2018.0,2.0,D,False,False,2372640.0,N/A,N/A,N/A,N/A,N/A,N/A,N/A,N/A,N/A,N/A,N/A,N/A,N/A,N/A,2017 House of Delegates - District 85 - Special General,https://www.vpap.org/offices/house-of-delegates-85/elections/?year_and_type=2017special,0,0,"Turpin, Cheryl",False,D,False,"$610,650",610650.0,"Holcomb, Rocky",True,R,False,"$476,308",476308.0,N/A,N/A,N/A,N/A,D,False,False,610650.0,N/A,N/A,N/A,N/A,N/A,N/A,N/A,N/A,N/A,N/A,N/A,N/A,N/A,N/A,N/A,N/A,N/A,N/A,N/A,N/A,N/A,N/A,N/A,N/A,N/A,N/A,N/A,N/A,N/A,N/A,N/A,N/A,N/A,N/A,N/A,N/A,N/A,N/A,N/A,N/A
Janet Howell,"Howell, Janet",https://www.vpap.org/candidates/28,https://www.vpap.org/candidates/28/elections/,https://www.vpap.org/legislators/28,28,Janet Howell,Janet D. Howell has served in the Virginia Senate since 1992.,2019 State Senate - District 32 - Regular General,https://www.vpap.org/offices/state-senate-32/elections/?year_and_type=2019regular,0.0,23.0,"Purves, Arthur",False,R,False,"$10,444",10444.0,"Howell, Janet",True,D,True,"$537,384",537384.0,Democrat,Caucasian,Female,75,Won by 10% or More,District of Columbia,District Office Area Code 571 / 703,Master's Degree,Private University; Oberlin College,No,Non-Military,Educators / Retired Teacher,"Greater than $1,000,000",No property other than primary residence,1992.0,28.0,D,True,True,537384.0,N/A,N/A,N/A,N/A,N/A,N/A,N/A,N/A,N/A,N/A,N/A,N/A,N/A,N/A,N/A,N/A,N/A,N/A,N/A,N/A,N/A,N/A,N/A,N/A,N/A,N/A,N/A,N/A,N/A,N/A,N/A,N/A,N/A,N/A,N/A,N/A,N/A,N/A,N/A,N/A,N/A,N/A,N/A,N/A,N/A,N/A,N/A,N/A,N/A,N/A,N/A,N/A,N/A,N/A,N/A,N/A,N/A,N/A,N/A,N/A,N/A,N/A,N/A,N/A,N/A,N/A,N/A,N/A,N/A,N/A,N/A,N/A,N/A,N/A,N/A,N/A,N/A,N/A
Mark Peake,"Peake, Mark",https://www.vpap.org/candidates/30696,https://www.vpap.org/candidates/30696/elections/,https://www.vpap.org/legislators/30696,30696,Mark Peake,Mark Peake has served in the Virginia State Senate since 2017.,2019 State Senate - District 22 - Regular General,https://www.vpap.org/offices/state-senate-22/elections/?year_and_type=2019regular,0.0,0.0,"Peake, Mark",True,R,True,"$218,742",218742.0,"Claytor, Dakota",False,D,False,"$6,699",6699.0,Republican,Caucasian,Male,56,Won by 10% or More,North Carolina,District Office Area Code 434,Law Degree,State University,Yes,Non-Military,"Lawyers / Attorney, Caskie & Frost","Between $100,001 and $500,000",Owns property that generates rental income or used for business,2017.0,3.0,R,True,True,218742.0,R,True,False,236656.0,N/A,N/A,N/A,N/A,N/A,N/A,N/A,N/A,N/A,N/A,N/A,N/A,N/A,N/A,N/A,N/A,N/A,N/A,N/A,N/A,N/A,N/A,N/A,N/A,N/A,N/A,N/A,N/A,N/A,N/A,N/A,N/A,N/A,N/A,2017 State Senate - District 22 - Special General,https://www.vpap.org/offices/state-senate-22/elections/?year_and_type=2017special,0.0,0.0,"Peake, Mark",True,R,False,"$236,656",236656.0,"Washington, Ryant",False,D,False,"$321,775",321775.0,N/A,N/A,N/A,N/A,N/A,N/A,N/A,N/A,N/A,N/A,N/A,N/A,N/A,N/A,N/A,N/A,N/A,N/A,N/A,N/A,N/A,N/A,N/A,N/A
Qasim Rashid,"Rashid, Qasim",https://www.vpap.org/candidates/331438,https://www.vpap.org/candidates/331438/elections/,https://www.vpap.org/legislators/331438,331438,Qasim Rashid,Rashid Qasim ran in Senate District 28 in 2019,2019 State Senate - District 28 - Regular General,https://www.vpap.org/offices/state-senate-28/elections/?year_and_type=2019regular,0.0,0.0,"Stuart, Richard",True,R,True,"$539,251",539251.0,"Rashid, Qasim",False,D,False,"$393,768",393768.0,,,,,,,,,,,,,,,,,D,False,False,393768.0,N/A,N/A,N/A,N/A,N/A,N/A,N/A,N/A,N/A,N/A,N/A,N/A,N/A,N/A,N/A,N/A,N/A,N/A,N/A,N/A,N/A,N/A,N/A,N/A,N/A,N/A,N/A,N/A,N/A,N/A,N/A,N/A,N/A,N/A,N/A,N/A,N/A,N/A,N/A,N/A,N/A,N/A,N/A,N/A,N/A,N/A,N/A,N/A,N/A,N/A,N/A,N/A,N/A,N/A,N/A,N/A,N/A,N/A,N/A,N/A,N/A,N/A,N/A,N/A,N/A,N/A,N/A,N/A,N/A,N/A,N/A,N/A,N/A,N/A,N/A,N/A,N/A,N/A
Barbara Favola,"Favola, Barbara",https://www.vpap.org/candidates/25984,https://www.vpap.org/candidates/25984/elections/,https://www.vpap.org/legislators/25984,25984,Barbara Favola,Barbara Favola has served in the State Senate since 2012.,2019 State Senate - District 31 - Regular General,https://www.vpap.org/offices/state-senate-31/elections/?year_and_type=2019regular,0.0,0.0,N/A,N/A,N/A,N/A,N/A,N/A,"Favola, Barbara",True,D,True,"$559,518",559518.0,Democrat,Caucasian,Female,64,Uncontested,Connecticut,District Office Area Code 571 / 703,Master's Degree,Private University; St. Joseph College,No,Non-Military,"Educators / Higher Education, Marymount University","Between $10,001 and $100,000",No property other than primary residence,2012.0,8.0,D,True,True,559518.0,N/A,N/A,N/A,N/A,N/A,N/A,N/A,N/A,N/A,N/A,N/A,N/A,N/A,N/A,N/A,N/A,N/A,N/A,N/A,N/A,N/A,N/A,N/A,N/A,N/A,N/A,N/A,N/A,N/A,N/A,N/A,N/A,N/A,N/A,N/A,N/A,N/A,N/A,N/A,N/A,N/A,N/A,N/A,N/A,N/A,N/A,N/A,N/A,N/A,N/A,N/A,N/A,N/A,N/A,N/A,N/A,N/A,N/A,N/A,N/A,N/A,N/A,N/A,N/A,N/A,N/A,N/A,N/A,N/A,N/A,N/A,N/A,N/A,N/A,N/A,N/A,N/A,N/A
Annette Hyde,"Hyde, Annette",https://www.vpap.org/candidates/289860,https://www.vpap.org/candidates/289860/elections/,https://www.vpap.org/legislators/289860,289860,Annette Hyde,Annette Hyde ran for Virginia Senate district 24 in 2019.,2019 State Senate - District 24 - Regular General,https://www.vpap.org/offices/state-senate-24/elections/?year_and_type=2019regular,0.0,0.0,"Hanger, Emmett",True,R,True,"$664,921",664921.0,"Hyde, Annette",False,D,False,"$77,411",77411.0,,,,,,,,,,,,,,,,,D,False,False,77411.0,N/A,N/A,N/A,N/A,N/A,N/A,N/A,N/A,N/A,N/A,N/A,N/A,N/A,N/A,N/A,N/A,N/A,N/A,N/A,N/A,N/A,N/A,N/A,N/A,N/A,N/A,N/A,N/A,N/A,N/A,N/A,N/A,N/A,N/A,N/A,N/A,N/A,N/A,N/A,N/A,N/A,N/A,N/A,N/A,N/A,N/A,N/A,N/A,N/A,N/A,N/A,N/A,N/A,N/A,N/A,N/A,N/A,N/A,N/A,N/A,N/A,N/A,N/A,N/A,N/A,N/A,N/A,N/A,N/A,N/A,N/A,N/A,N/A,N/A,N/A,N/A,N/A,N/A
Mark Obenshain,"Obenshain, Mark",https://www.vpap.org/candidates/17230,https://www.vpap.org/candidates/17230/elections/,https://www.vpap.org/legislators/17230,17230,Mark Obenshain,Mark Obenshain has served in the Virginia Senate since 2004.,2019 State Senate - District 26 - Regular General,https://www.vpap.org/offices/state-senate-26/elections/?year_and_type=2019regular,0.0,0.0,"Obenshain, Mark",True,R,True,"$791,901",791901.0,"Moore, April",False,D,False,"$96,265",96265.0,Republican,Caucasian,Male,57,Won by 10% or More,Virginia,District Office Area Code 540,Law Degree,State University,Yes,Non-Military,"Lawyers / Attorney, Lenhart Obenshain PC","Greater than $1,000,000",Owns property that generates rental income or used for business,2004.0,16.0,R,True,True,791901.0,N/A,N/A,N/A,N/A,N/A,N/A,N/A,N/A,N/A,N/A,N/A,N/A,N/A,N/A,N/A,N/A,N/A,N/A,N/A,N/A,N/A,N/A,N/A,N/A,N/A,N/A,N/A,N/A,N/A,N/A,N/A,N/A,N/A,N/A,N/A,N/A,N/A,N/A,N/A,N/A,N/A,N/A,N/A,N/A,N/A,N/A,N/A,N/A,N/A,N/A,N/A,N/A,N/A,N/A,N/A,N/A,N/A,N/A,N/A,N/A,N/A,N/A,N/A,N/A,N/A,N/A,N/A,N/A,N/A,N/A,N/A,N/A,N/A,N/A,N/A,N/A,N/A,N/A
Virginia Smith,"Smith, Virginia",https://www.vpap.org/candidates/332925,https://www.vpap.org/candidates/332925/elections/,https://www.vpap.org/legislators/332925,332925,Virginia Smith,Virginia Smith ran for Senate District 15 in 2019,2019 State Senate - District 15 - Regular General,https://www.vpap.org/offices/state-senate-15/elections/?year_and_type=2019regular,0.0,0.0,"Ruff, Frank",True,R,True,"$569,807",569807.0,"Smith, Virginia",False,D,False,"$30,775",30775.0,,,,,,,,,,,,,,,,,D,False,False,30775.0,N/A,N/A,N/A,N/A,N/A,N/A,N/A,N/A,N/A,N/A,N/A,N/A,N/A,N/A,N/A,N/A,N/A,N/A,N/A,N/A,N/A,N/A,N/A,N/A,N/A,N/A,N/A,N/A,N/A,N/A,N/A,N/A,N/A,N/A,N/A,N/A,N/A,N/A,N/A,N/A,N/A,N/A,N/A,N/A,N/A,N/A,N/A,N/A,N/A,N/A,N/A,N/A,N/A,N/A,N/A,N/A,N/A,N/A,N/A,N/A,N/A,N/A,N/A,N/A,N/A,N/A,N/A,N/A,N/A,N/A,N/A,N/A,N/A,N/A,N/A,N/A,N/A,N/A
Geary Higgins,"Higgins, Geary",https://www.vpap.org/candidates/43356,https://www.vpap.org/candidates/43356/elections/,https://www.vpap.org/legislators/43356,43356,Geary Higgins,Geary Higgins ran for State Senate District 13 in 2019. He previously served on the Loudoun County Board of Supervisors.,2019 State Senate - District 13 - Regular General,https://www.vpap.org/offices/state-senate-13/elections/?year_and_type=2019regular,65461.0,0.0,"Higgins, Geary",False,R,False,"$1,921,364",1921364.0,"Bell, John",True,D,False,"$3,106,826",3106826.0,,,,,,,,,,,,,,,,,R,False,False,1921364.0,N/A,N/A,N/A,N/A,N/A,N/A,N/A,N/A,N/A,N/A,N/A,N/A,N/A,N/A,N/A,N/A,N/A,N/A,N/A,N/A,N/A,N/A,N/A,N/A,N/A,N/A,N/A,N/A,N/A,N/A,N/A,N/A,N/A,N/A,N/A,N/A,N/A,N/A,N/A,N/A,N/A,N/A,N/A,N/A,N/A,N/A,N/A,N/A,N/A,N/A,N/A,N/A,N/A,N/A,N/A,N/A,N/A,N/A,N/A,N/A,N/A,N/A,N/A,N/A,N/A,N/A,N/A,N/A,N/A,N/A,N/A,N/A,N/A,N/A,N/A,N/A,N/A,N/A
Amanda Pohl,"Pohl, Amanda",https://www.vpap.org/candidates/328348,https://www.vpap.org/candidates/328348/elections/,https://www.vpap.org/legislators/328348,328348,Amanda Pohl,Amanda Pohl ran for the 11st District seat in the State Senate in 2019,2019 State Senate - District 11 - Regular General,https://www.vpap.org/offices/state-senate-11/elections/?year_and_type=2019regular,0.0,13457.0,"Chase, Amanda",True,R,True,"$624,172",624172.0,"Pohl, Amanda",False,D,False,"$741,939",741939.0,,,,,,,,,,,,,,,,,D,False,False,741939.0,N/A,N/A,N/A,N/A,N/A,N/A,N/A,N/A,N/A,N/A,N/A,N/A,N/A,N/A,N/A,N/A,N/A,N/A,N/A,N/A,N/A,N/A,N/A,N/A,N/A,N/A,N/A,N/A,N/A,N/A,N/A,N/A,N/A,N/A,N/A,N/A,N/A,N/A,N/A,N/A,N/A,N/A,N/A,N/A,N/A,N/A,N/A,N/A,N/A,N/A,N/A,N/A,N/A,N/A,N/A,N/A,N/A,N/A,N/A,N/A,N/A,N/A,N/A,N/A,N/A,N/A,N/A,N/A,N/A,N/A,N/A,N/A,N/A,N/A,N/A,N/A,N/A,N/A
Steve Newman,"Newman, Steve",https://www.vpap.org/candidates/5676,https://www.vpap.org/candidates/5676/elections/,https://www.vpap.org/legislators/5676,5676,Steve Newman,Steve Newman has served in the Virginia Senate since 1996. He served in the House of Delegates from 1991-96.,2019 State Senate - District 23 - Regular General,https://www.vpap.org/offices/state-senate-23/elections/?year_and_type=2019regular,0.0,0.0,"Newman, Steve",True,R,True,"$578,329",578329.0,N/A,N/A,N/A,N/A,N/A,N/A,Republican,Caucasian,Male,55,Uncontested,Virginia,District Office Area Code 434,High School or Less,Not Applicable,No,Non-Military,"Business People / Electrical Systems Manfacturing, Delta Star Inc","Between $500,001 and $999,999",Owns property other than primary residence (no income reported),1996.0,29.0,N/A,N/A,N/A,N/A,N/A,N/A,N/A,N/A,N/A,N/A,N/A,N/A,N/A,N/A,N/A,N/A,N/A,N/A,N/A,N/A,N/A,N/A,N/A,N/A,N/A,N/A,N/A,N/A,N/A,N/A,N/A,N/A,N/A,N/A,N/A,N/A,N/A,N/A,N/A,N/A,N/A,N/A,N/A,N/A,N/A,N/A,N/A,N/A,N/A,N/A,N/A,N/A,N/A,N/A,N/A,N/A,N/A,N/A,N/A,N/A,N/A,N/A,N/A,N/A,N/A,N/A,N/A,N/A,N/A,N/A,N/A,N/A,N/A,N/A,N/A,N/A,N/A,N/A,N/A,N/A,N/A,N/A
Herbert Jones,"Jones, Herb",https://www.vpap.org/candidates/264005,https://www.vpap.org/candidates/264005/elections/,https://www.vpap.org/legislators/264005,264005,Herb Jones,Herb Jones ran for State Senate District 3 in 2019.,2019 State Senate - District 3 - Regular General,https://www.vpap.org/offices/state-senate-3/elections/?year_and_type=2019regular,0.0,0.0,"Norment, Tommy",True,R,True,"$1,882,145",1882145.0,"Jones, Herb",False,D,False,"$96,488",96488.0,,,,,,,,,,,,,,,,,D,False,False,96488.0,N/A,N/A,N/A,N/A,N/A,N/A,N/A,N/A,N/A,N/A,N/A,N/A,N/A,N/A,N/A,N/A,N/A,N/A,N/A,N/A,N/A,N/A,N/A,N/A,N/A,N/A,N/A,N/A,N/A,N/A,N/A,N/A,N/A,N/A,N/A,N/A,N/A,N/A,N/A,N/A,N/A,N/A,N/A,N/A,N/A,N/A,N/A,N/A,N/A,N/A,N/A,N/A,N/A,N/A,N/A,N/A,N/A,N/A,N/A,N/A,N/A,N/A,N/A,N/A,N/A,N/A,N/A,N/A,N/A,N/A,N/A,N/A,N/A,N/A,N/A,N/A,N/A,N/A
Elizabeth Lankford,"Lankford, Elizabeth",https://www.vpap.org/candidates/351115,https://www.vpap.org/candidates/351115/elections/,https://www.vpap.org/legislators/351115,351115,Elizabeth Lankford,Elizabeth Lankford ran for the 6th Senate District in 2019.,2019 State Senate - District 6 - Regular General,https://www.vpap.org/offices/state-senate-6/elections/?year_and_type=2019regular,372.0,0.0,"Lankford, Elizabeth",False,R,False,"$186,571",186571.0,"Lewis, Lynwood",True,D,True,"$565,294",565294.0,,,,,,,,,,,,,,,,,R,False,False,186571.0,N/A,N/A,N/A,N/A,N/A,N/A,N/A,N/A,N/A,N/A,N/A,N/A,N/A,N/A,N/A,N/A,N/A,N/A,N/A,N/A,N/A,N/A,N/A,N/A,N/A,N/A,N/A,N/A,N/A,N/A,N/A,N/A,N/A,N/A,N/A,N/A,N/A,N/A,N/A,N/A,N/A,N/A,N/A,N/A,N/A,N/A,N/A,N/A,N/A,N/A,N/A,N/A,N/A,N/A,N/A,N/A,N/A,N/A,N/A,N/A,N/A,N/A,N/A,N/A,N/A,N/A,N/A,N/A,N/A,N/A,N/A,N/A,N/A,N/A,N/A,N/A,N/A,N/A
Lynwood Lewis,"Lewis, Lynwood",https://www.vpap.org/candidates/28848,https://www.vpap.org/candidates/28848/elections/,https://www.vpap.org/legislators/28848,28848,Lynwood Lewis,Lynwood Lewis has served in the Virginia Senate since 2014.,2019 State Senate - District 6 - Regular General,https://www.vpap.org/offices/state-senate-6/elections/?year_and_type=2019regular,0.0,23.0,"Lankford, Elizabeth",False,R,False,"$186,571",186571.0,"Lewis, Lynwood",True,D,True,"$565,294",565294.0,Democrat,Caucasian,Male,58,Won by 10% or More,Virginia,District Office Area Code 757,Law Degree,Private University; Hampden-Sydney College,Yes,Non-Military,"Lawyers / Attorney, Custis Lewis & Dix","Between $10,001 and $100,000",Owns property that generates rental income or used for business,2014.0,16.0,D,True,True,565294.0,N/A,N/A,N/A,N/A,N/A,N/A,N/A,N/A,N/A,N/A,N/A,N/A,N/A,N/A,N/A,N/A,N/A,N/A,N/A,N/A,N/A,N/A,N/A,N/A,N/A,N/A,N/A,N/A,N/A,N/A,N/A,N/A,N/A,N/A,N/A,N/A,N/A,N/A,N/A,N/A,N/A,N/A,N/A,N/A,N/A,N/A,N/A,N/A,N/A,N/A,N/A,N/A,N/A,N/A,N/A,N/A,N/A,N/A,N/A,N/A,N/A,N/A,N/A,N/A,N/A,N/A,N/A,N/A,N/A,N/A,N/A,N/A,N/A,N/A,N/A,N/A,N/A,N/A
April Moore,"Moore, April",https://www.vpap.org/candidates/256993,https://www.vpap.org/candidates/256993/elections/,https://www.vpap.org/legislators/256993,256993,April Moore,April Moore ran for the 26th District seat in the State Senate in 2018.,2019 State Senate - District 26 - Regular General,https://www.vpap.org/offices/state-senate-26/elections/?year_and_type=2019regular,0.0,0.0,"Obenshain, Mark",True,R,True,"$791,901",791901.0,"Moore, April",False,D,False,"$96,265",96265.0,,,,,,,,,,,,,,,,,D,False,False,96265.0,N/A,N/A,N/A,N/A,N/A,N/A,N/A,N/A,N/A,N/A,N/A,N/A,N/A,N/A,N/A,N/A,N/A,N/A,N/A,N/A,N/A,N/A,N/A,N/A,N/A,N/A,N/A,N/A,N/A,N/A,N/A,N/A,N/A,N/A,N/A,N/A,N/A,N/A,N/A,N/A,N/A,N/A,N/A,N/A,N/A,N/A,N/A,N/A,N/A,N/A,N/A,N/A,N/A,N/A,N/A,N/A,N/A,N/A,N/A,N/A,N/A,N/A,N/A,N/A,N/A,N/A,N/A,N/A,N/A,N/A,N/A,N/A,N/A,N/A,N/A,N/A,N/A,N/A
Glen Sturtevant,"Sturtevant, Glen",https://www.vpap.org/candidates/250101,https://www.vpap.org/candidates/250101/elections/,https://www.vpap.org/legislators/250101,250101,Glen Sturtevant,Glen Sturtevant has served in the State Senate since 2016.,2019 State Senate - District 10 - Regular General,https://www.vpap.org/offices/state-senate-10/elections/?year_and_type=2019regular,78012.0,0.0,"Sturtevant, Glen",False,R,True,"$2,429,157",2429157.0,"Hashmi, Ghazala",True,D,False,"$2,680,073",2680073.0,Republican,Caucasian,Male,37,Won by Less than 10%,Delaware,District Office Area Code 804,Law Degree,Private University; Catholic University,Yes,Non-Military,"Lawyers / Attorney, Rawls McNelis & Mitchell","Less than $10,000",No property other than primary residence,2016.0,4.0,R,False,True,2429157.0,N/A,N/A,N/A,N/A,N/A,N/A,N/A,N/A,N/A,N/A,N/A,N/A,N/A,N/A,N/A,N/A,N/A,N/A,N/A,N/A,N/A,N/A,N/A,N/A,N/A,N/A,N/A,N/A,N/A,N/A,N/A,N/A,N/A,N/A,N/A,N/A,N/A,N/A,N/A,N/A,N/A,N/A,N/A,N/A,N/A,N/A,N/A,N/A,N/A,N/A,N/A,N/A,N/A,N/A,N/A,N/A,N/A,N/A,N/A,N/A,N/A,N/A,N/A,N/A,N/A,N/A,N/A,N/A,N/A,N/A,N/A,N/A,N/A,N/A,N/A,N/A,N/A,N/A
Joseph Morrissey,"Morrissey, Joe",https://www.vpap.org/candidates/5431,https://www.vpap.org/candidates/5431/elections/,https://www.vpap.org/legislators/5431,5431,Joe Morrissey,Joe Morrissey was elected to the State Senate in 2019. He is a former member of the House of Delegates,2019 State Senate - District 16 - Regular General,https://www.vpap.org/offices/state-senate-16/elections/?year_and_type=2019regular,0.0,0.0,N/A,N/A,N/A,N/A,N/A,N/A,"Morrissey, Joe",True,D,False,"$203,950",203950.0,Democrat,Caucasian,Male,62,Won by 10% or More,District of Columbia,District Office Area Code 804,Law Degree,State University,No,Non-Military,"Lawyers / Attorney, Morrissey and Associates PLLC","Between $500,001 and $999,999",Owns property that generates rental income or used for business,2020.0,7.0,D,True,False,203950.0,N/A,N/A,N/A,N/A,N/A,N/A,N/A,N/A,N/A,N/A,N/A,N/A,N/A,N/A,N/A,N/A,N/A,N/A,N/A,N/A,N/A,N/A,N/A,N/A,N/A,N/A,N/A,N/A,N/A,N/A,N/A,N/A,N/A,N/A,N/A,N/A,N/A,N/A,N/A,N/A,N/A,N/A,N/A,N/A,N/A,N/A,N/A,N/A,N/A,N/A,N/A,N/A,N/A,N/A,N/A,N/A,N/A,N/A,N/A,N/A,N/A,N/A,N/A,N/A,N/A,N/A,N/A,N/A,N/A,N/A,N/A,N/A,N/A,N/A,N/A,N/A,N/A,N/A
Lionell Spruill Sr,"Spruill, Lionell Sr",https://www.vpap.org/candidates/3759,https://www.vpap.org/candidates/3759/elections/,https://www.vpap.org/legislators/3759,3759,"Lionell Spruill, Sr",Lionell Spruill Sr. has served in the Virginia State Senate since 2017. He previously served in the House of Delegates between 1994-2016.,2019 State Senate - District 5 - Regular General,https://www.vpap.org/offices/state-senate-5/elections/?year_and_type=2019regular,0.0,0.0,N/A,N/A,N/A,N/A,N/A,N/A,"Spruill, Lionell Sr",True,D,True,"$395,533",395533.0,Democrat,African-American,Male,73,Won by 10% or More,Virginia,District Office Area Code 757,Bachelors Degree,Private University; Pacific Western University California,No,Non-Military,Other / Retired Telephone Lineman,"Between $10,001 and $100,000",No property other than primary residence,2016.0,26.0,D,True,True,395533.0,N/A,N/A,N/A,N/A,N/A,N/A,N/A,N/A,N/A,N/A,N/A,N/A,N/A,N/A,2017 House of Delegates - District 77 - Regular General,https://www.vpap.org/offices/house-of-delegates-77/elections/?year_and_type=2017regular,0,0,"Hayes, Cliff",True,D,True,"$66,012",66012.0,N/A,N/A,N/A,N/A,N/A,N/A,N/A,N/A,N/A,N/A,N/A,N/A,N/A,N/A,N/A,N/A,N/A,N/A,N/A,N/A,N/A,N/A,N/A,N/A,N/A,N/A,N/A,N/A,N/A,N/A,N/A,N/A,N/A,N/A,N/A,N/A,N/A,N/A,N/A,N/A,N/A,N/A,N/A,N/A,N/A,N/A,N/A,N/A,N/A,N/A,N/A,N/A,N/A,N/A
John Cosgrove,"Cosgrove, John",https://www.vpap.org/candidates/25075,https://www.vpap.org/candidates/25075/elections/,https://www.vpap.org/legislators/25075,25075,John Cosgrove,John Cosgrove has been a member of the State Senate since 2013.,2019 State Senate - District 14 - Regular General,https://www.vpap.org/offices/state-senate-14/elections/?year_and_type=2019regular,0.0,0.0,"Cosgrove, John",True,R,True,"$366,477",366477.0,"Raveson, Rebecca E",False,D,False,"$1,980",1980.0,Republican,Caucasian,Male,65,Won by 10% or More,Alabama,District Office Area Code 757,Bachelors Degree,State University,No,Veteran,"Business People / Electronics Engineer, Waterways Consulting LLC","Between $100,001 and $500,000",No property other than primary residence,2013.0,18.0,R,True,True,366477.0,N/A,N/A,N/A,N/A,N/A,N/A,N/A,N/A,N/A,N/A,N/A,N/A,N/A,N/A,N/A,N/A,N/A,N/A,N/A,N/A,N/A,N/A,N/A,N/A,N/A,N/A,N/A,N/A,N/A,N/A,N/A,N/A,N/A,N/A,N/A,N/A,N/A,N/A,N/A,N/A,N/A,N/A,N/A,N/A,N/A,N/A,N/A,N/A,N/A,N/A,N/A,N/A,N/A,N/A,N/A,N/A,N/A,N/A,N/A,N/A,N/A,N/A,N/A,N/A,N/A,N/A,N/A,N/A,N/A,N/A,N/A,N/A,N/A,N/A,N/A,N/A,N/A,N/A
Frank Ruff,"Ruff, Frank",https://www.vpap.org/candidates/4965,https://www.vpap.org/candidates/4965/elections/,https://www.vpap.org/legislators/4965,4965,Frank Ruff,Frank M. Ruff Jr. has served in the Virginia Senate since 2000. He served in the House of Delegates from 1994-2000.,2019 State Senate - District 15 - Regular General,https://www.vpap.org/offices/state-senate-15/elections/?year_and_type=2019regular,0.0,0.0,"Ruff, Frank",True,R,True,"$569,807",569807.0,"Smith, Virginia",False,D,False,"$30,775",30775.0,Republican,Caucasian,Male,70,Won by 10% or More,Virginia,District Office Area Code 434,Bachelors Degree,Private University,No,Veteran,Business People / Retired Furniture Store Owner,"Between $100,001 and $500,000",Owns property that generates rental income or used for business,2000.0,26.0,R,True,True,569807.0,N/A,N/A,N/A,N/A,N/A,N/A,N/A,N/A,N/A,N/A,N/A,N/A,N/A,N/A,N/A,N/A,N/A,N/A,N/A,N/A,N/A,N/A,N/A,N/A,N/A,N/A,N/A,N/A,N/A,N/A,N/A,N/A,N/A,N/A,N/A,N/A,N/A,N/A,N/A,N/A,N/A,N/A,N/A,N/A,N/A,N/A,N/A,N/A,N/A,N/A,N/A,N/A,N/A,N/A,N/A,N/A,N/A,N/A,N/A,N/A,N/A,N/A,N/A,N/A,N/A,N/A,N/A,N/A,N/A,N/A,N/A,N/A,N/A,N/A,N/A,N/A,N/A,N/A
Richard Stuart,"Stuart, Richard",https://www.vpap.org/candidates/37729,https://www.vpap.org/candidates/37729/elections/,https://www.vpap.org/legislators/37729,37729,Richard Stuart,Richard Stuart has served in the Virginia Senate since 2008.,2019 State Senate - District 28 - Regular General,https://www.vpap.org/offices/state-senate-28/elections/?year_and_type=2019regular,0.0,0.0,"Stuart, Richard",True,R,True,"$539,251",539251.0,"Rashid, Qasim",False,D,False,"$393,768",393768.0,Republican,Caucasian,Male,55,Won by 10% or More,Virginia,District Office Area Code 804,Law Degree,Private University; Wesleyan College,Yes,Veteran,"Lawyers / Attorney, Richard H Stuart PC","Between $10,001 and $100,000",Owns property that generates rental income or used for business,2008.0,12.0,R,True,True,539251.0,N/A,N/A,N/A,N/A,N/A,N/A,N/A,N/A,N/A,N/A,N/A,N/A,N/A,N/A,N/A,N/A,N/A,N/A,N/A,N/A,N/A,N/A,N/A,N/A,N/A,N/A,N/A,N/A,N/A,N/A,N/A,N/A,N/A,N/A,N/A,N/A,N/A,N/A,N/A,N/A,N/A,N/A,N/A,N/A,N/A,N/A,N/A,N/A,N/A,N/A,N/A,N/A,N/A,N/A,N/A,N/A,N/A,N/A,N/A,N/A,N/A,N/A,N/A,N/A,N/A,N/A,N/A,N/A,N/A,N/A,N/A,N/A,N/A,N/A,N/A,N/A,N/A,N/A
Jeremy McPike,"McPike, Jeremy",https://www.vpap.org/candidates/49859,https://www.vpap.org/candidates/49859/elections/,https://www.vpap.org/legislators/49859,49859,Jeremy McPike,Jeremy McPike has served in the State Senate since 2016.,2019 State Senate - District 29 - Regular General,https://www.vpap.org/offices/state-senate-29/elections/?year_and_type=2019regular,0.0,0.0,N/A,N/A,N/A,N/A,N/A,N/A,"McPike, Jeremy",True,D,True,"$379,126",379126.0,Democrat,Caucasian,Male,44,Uncontested,Virginia,District Office Area Code 571 / 703,Master's Degree,State University,No,Non-Military,"Public Employees / Local Govt Employee, City of Alexandria","Between $100,001 and $500,000",No property other than primary residence,2016.0,4.0,D,True,True,379126.0,N/A,N/A,N/A,N/A,N/A,N/A,N/A,N/A,N/A,N/A,N/A,N/A,N/A,N/A,N/A,N/A,N/A,N/A,N/A,N/A,N/A,N/A,N/A,N/A,N/A,N/A,N/A,N/A,N/A,N/A,N/A,N/A,N/A,N/A,N/A,N/A,N/A,N/A,N/A,N/A,N/A,N/A,N/A,N/A,N/A,N/A,N/A,N/A,N/A,N/A,N/A,N/A,N/A,N/A,N/A,N/A,N/A,N/A,N/A,N/A,N/A,N/A,N/A,N/A,N/A,N/A,N/A,N/A,N/A,N/A,N/A,N/A,N/A,N/A,N/A,N/A,N/A,N/A
Ghazala Hashmi,"Hashmi, Ghazala",https://www.vpap.org/candidates/304662,https://www.vpap.org/candidates/304662/elections/,https://www.vpap.org/legislators/304662,304662,Ghazala Hashmi,Ghazala Hashmi was elected to the State Senate in 2019,2019 State Senate - District 10 - Regular General,https://www.vpap.org/offices/state-senate-10/elections/?year_and_type=2019regular,7812.0,6908.0,"Sturtevant, Glen",False,R,True,"$2,429,157",2429157.0,"Hashmi, Ghazala",True,D,False,"$2,680,073",2680073.0,Democrat,Asian,Female,55,Won by Less than 10%,"Hyderabad, India",District Office Area Code 804,Doctorate,State University,No,Non-Military,"Educators / Community College Administrator, J Sargeant Reynolds Community College","Less than $10,000",No property other than primary residence,2020.0,0.0,D,True,False,2680073.0,N/A,N/A,N/A,N/A,N/A,N/A,N/A,N/A,N/A,N/A,N/A,N/A,N/A,N/A,N/A,N/A,N/A,N/A,N/A,N/A,N/A,N/A,N/A,N/A,N/A,N/A,N/A,N/A,N/A,N/A,N/A,N/A,N/A,N/A,N/A,N/A,N/A,N/A,N/A,N/A,N/A,N/A,N/A,N/A,N/A,N/A,N/A,N/A,N/A,N/A,N/A,N/A,N/A,N/A,N/A,N/A,N/A,N/A,N/A,N/A,N/A,N/A,N/A,N/A,N/A,N/A,N/A,N/A,N/A,N/A,N/A,N/A,N/A,N/A,N/A,N/A,N/A,N/A
Ronnie Ross,"Ross, Ronnie",https://www.vpap.org/candidates/320680,https://www.vpap.org/candidates/320680/elections/,https://www.vpap.org/legislators/320680,320680,Ronnie Ross,Ronnie Ross ran for the 27th State Senate District in 2019.,2019 State Senate - District 27 - Regular General,https://www.vpap.org/offices/state-senate-27/elections/?year_and_type=2019regular,0.0,0.0,"Vogel, Jill",True,R,True,"$509,790",509790.0,"Ross, Ronnie",False,D,False,"$361,150",361150.0,,,,,,,,,,,,,,,,,D,False,False,361150.0,N/A,N/A,N/A,N/A,N/A,N/A,N/A,N/A,N/A,N/A,N/A,N/A,N/A,N/A,N/A,N/A,N/A,N/A,N/A,N/A,N/A,N/A,N/A,N/A,N/A,N/A,N/A,N/A,N/A,N/A,N/A,N/A,N/A,N/A,N/A,N/A,N/A,N/A,N/A,N/A,N/A,N/A,N/A,N/A,N/A,N/A,N/A,N/A,N/A,N/A,N/A,N/A,N/A,N/A,N/A,N/A,N/A,N/A,N/A,N/A,N/A,N/A,N/A,N/A,N/A,N/A,N/A,N/A,N/A,N/A,N/A,N/A,N/A,N/A,N/A,N/A,N/A,N/A
Stan Scott,"Scott, Stan",https://www.vpap.org/candidates/320159,https://www.vpap.org/candidates/320159/elections/,https://www.vpap.org/legislators/320159,320159,Stan Scott,Stan Scott ran for the State Senate in District 4 in 2019,2019 State Senate - District 4 - Regular General,https://www.vpap.org/offices/state-senate-4/elections/?year_and_type=2019regular,0.0,0.0,"McDougle, Ryan",True,R,True,"$1,106,116",1106116.0,"Scott, Stan",False,D,False,"$75,880",75880.0,,,,,,,,,,,,,,,,,D,False,False,75880.0,N/A,N/A,N/A,N/A,N/A,N/A,N/A,N/A,N/A,N/A,N/A,N/A,N/A,N/A,N/A,N/A,N/A,N/A,N/A,N/A,N/A,N/A,N/A,N/A,N/A,N/A,N/A,N/A,N/A,N/A,N/A,N/A,N/A,N/A,N/A,N/A,N/A,N/A,N/A,N/A,N/A,N/A,N/A,N/A,N/A,N/A,N/A,N/A,N/A,N/A,N/A,N/A,N/A,N/A,N/A,N/A,N/A,N/A,N/A,N/A,N/A,N/A,N/A,N/A,N/A,N/A,N/A,N/A,N/A,N/A,N/A,N/A,N/A,N/A,N/A,N/A,N/A,N/A
Ryan McDougle,"McDougle, Ryan",https://www.vpap.org/candidates/38686,https://www.vpap.org/candidates/38686/elections/,https://www.vpap.org/legislators/38686,38686,Ryan McDougle,Ryan McDougle has served in the Virginia Senate since 2006. He served in the House of Delegates from 2002-05.,2019 State Senate - District 4 - Regular General,https://www.vpap.org/offices/state-senate-4/elections/?year_and_type=2019regular,231.0,0.0,"McDougle, Ryan",True,R,True,"$1,106,116",1106116.0,"Scott, Stan",False,D,False,"$75,880",75880.0,Republican,Caucasian,Male,48,Won by 10% or More,Virginia,District Office Area Code 804,Law Degree,State University,Yes,Non-Military,"Lawyers / Attorney, McDougle Law Firm PC","Between $10,001 and $100,000",Owns property that generates rental income or used for business,2006.0,18.0,R,True,True,1106116.0,N/A,N/A,N/A,N/A,N/A,N/A,N/A,N/A,N/A,N/A,N/A,N/A,N/A,N/A,N/A,N/A,N/A,N/A,N/A,N/A,N/A,N/A,N/A,N/A,N/A,N/A,N/A,N/A,N/A,N/A,N/A,N/A,N/A,N/A,N/A,N/A,N/A,N/A,N/A,N/A,N/A,N/A,N/A,N/A,N/A,N/A,N/A,N/A,N/A,N/A,N/A,N/A,N/A,N/A,N/A,N/A,N/A,N/A,N/A,N/A,N/A,N/A,N/A,N/A,N/A,N/A,N/A,N/A,N/A,N/A,N/A,N/A,N/A,N/A,N/A,N/A,N/A,N/A
Siobhan Dunnavant,"Dunnavant, Siobhan",https://www.vpap.org/candidates/98189,https://www.vpap.org/candidates/98189/elections/,https://www.vpap.org/legislators/98189,98189,Siobhan Dunnavant,Siobhan Dunnavant has served in the State Senate since 2016.,2019 State Senate - District 12 - Regular General,https://www.vpap.org/offices/state-senate-12/elections/?year_and_type=2019regular,103154.0,0.0,"Dunnavant, Siobhan",True,R,True,"$2,688,678",2688678.0,"Rodman, Debra",False,D,False,"$3,125,596",3125596.0,Republican,Caucasian,Female,55,Won by Less than 10%,Virginia,District Office Area Code 804,Medical Doctor,State University,No,Non-Military,"Medical Professions / Physician, OBGYN Associates","Between $500,001 and $999,999",No property other than primary residence,2016.0,4.0,R,True,True,2688678.0,N/A,N/A,N/A,N/A,N/A,N/A,N/A,N/A,N/A,N/A,N/A,N/A,N/A,N/A,N/A,N/A,N/A,N/A,N/A,N/A,N/A,N/A,N/A,N/A,N/A,N/A,N/A,N/A,N/A,N/A,N/A,N/A,N/A,N/A,N/A,N/A,N/A,N/A,N/A,N/A,N/A,N/A,N/A,N/A,N/A,N/A,N/A,N/A,N/A,N/A,N/A,N/A,N/A,N/A,N/A,N/A,N/A,N/A,N/A,N/A,N/A,N/A,N/A,N/A,N/A,N/A,N/A,N/A,N/A,N/A,N/A,N/A,N/A,N/A,N/A,N/A,N/A,N/A
Debra Rodman,"Rodman, Debra",https://www.vpap.org/candidates/289677,https://www.vpap.org/candidates/289677/elections/,https://www.vpap.org/legislators/289677,289677,Debra Rodman,Debra Rodman has served in the House of Delegates since 2018.,2019 State Senate - District 12 - Regular General,https://www.vpap.org/offices/state-senate-12/elections/?year_and_type=2019regular,1089.0,12797.0,"Dunnavant, Siobhan",True,R,True,"$2,688,678",2688678.0,"Rodman, Debra",False,D,False,"$3,125,596",3125596.0,Democrat,Caucasian,Female,47,Won by Less than 10%,Florida,District Office Area Code 804,Doctorate,Private University; University of Miami,No,Non-Military,"Educators / College Professor, Randolph-Macon College","Less than $10,000",No property other than primary residence,2018.0,2.0,D,False,False,3125596.0,N/A,N/A,N/A,N/A,N/A,N/A,N/A,N/A,N/A,N/A,N/A,N/A,N/A,N/A,2017 House of Delegates - District 73 - Regular General,https://www.vpap.org/offices/house-of-delegates-73/elections/?year_and_type=2017regular,317.0,0,"Rodman, Debra",True,D,False,"$376,147",376147.0,"O'Bannon, John",False,R,True,"$575,738",575738.0,N/A,N/A,N/A,N/A,D,True,False,376147.0,N/A,N/A,N/A,N/A,N/A,N/A,N/A,N/A,N/A,N/A,N/A,N/A,N/A,N/A,N/A,N/A,N/A,N/A,N/A,N/A,N/A,N/A,N/A,N/A,N/A,N/A,N/A,N/A,N/A,N/A,N/A,N/A,N/A,N/A,N/A,N/A,N/A,N/A,N/A,N/A
Flourette Ketner,"Ketner, Flo",https://www.vpap.org/candidates/294812,https://www.vpap.org/candidates/294812/elections/,https://www.vpap.org/legislators/294812,294812,Flo Ketner,Flo Ketner ran for Senate District 19 in 2019,2019 State Senate - District 19 - Regular General,https://www.vpap.org/offices/state-senate-19/elections/?year_and_type=2019regular,0.0,0.0,"Suetterlein, Dave",True,R,True,"$203,774",203774.0,"Ketner, Flo",False,D,False,"$44,782",44782.0,,,,,,,,,,,,,,,,,D,False,False,44782.0,N/A,N/A,N/A,N/A,N/A,N/A,N/A,N/A,N/A,N/A,N/A,N/A,N/A,N/A,2017 House of Delegates - District 7 - Regular General,https://www.vpap.org/offices/house-of-delegates-7/elections/?year_and_type=2017regular,0,0,"Ketner, Flo",False,D,False,"$36,235",36235.0,"Rush, Nick",True,R,True,"$109,650",109650.0,N/A,N/A,N/A,N/A,D,False,False,36235.0,N/A,N/A,N/A,N/A,N/A,N/A,N/A,N/A,N/A,N/A,N/A,N/A,N/A,N/A,N/A,N/A,N/A,N/A,N/A,N/A,N/A,N/A,N/A,N/A,N/A,N/A,N/A,N/A,N/A,N/A,N/A,N/A,N/A,N/A,N/A,N/A,N/A,N/A,N/A,N/A
Jill Vogel,"Vogel, Jill",https://www.vpap.org/candidates/41567,https://www.vpap.org/candidates/41567/elections/,https://www.vpap.org/legislators/41567,41567,Jill Vogel,Jill Vogel has served in the Virginia Senate since 2008.,2019 State Senate - District 27 - Regular General,https://www.vpap.org/offices/state-senate-27/elections/?year_and_type=2019regular,0.0,0.0,"Vogel, Jill",True,R,True,"$509,790",509790.0,"Ross, Ronnie",False,D,False,"$361,150",361150.0,Republican,Caucasian,Female,49,Won by 10% or More,Virginia,District Office Area Code 540,Law Degree,State University,Yes,Non-Military,"Lawyers / Attorney, Holtzman Vogel Josefiak Torchinsky PLLC","Between $100,001 and $500,000",Owns property that generates rental income or used for business,2008.0,12.0,R,True,True,509790.0,N/A,N/A,N/A,N/A,N/A,N/A,N/A,N/A,N/A,N/A,N/A,N/A,N/A,N/A,N/A,N/A,N/A,N/A,N/A,N/A,N/A,N/A,N/A,N/A,N/A,N/A,N/A,N/A,N/A,N/A,N/A,N/A,N/A,N/A,N/A,N/A,N/A,N/A,N/A,N/A,N/A,N/A,N/A,N/A,N/A,N/A,N/A,N/A,N/A,N/A,N/A,N/A,N/A,N/A,2017 Lt. Governor  - Regular General,https://www.vpap.org/offices/lt-governor/elections/?year_and_type=2017regular,916.0,1204.0,"Fairfax, Justin",True,D,False,"$4,390,551",4390551.0,"Vogel, Jill",False,R,False,"$4,815,363",4815363.0,N/A,N/A,N/A,N/A,R,False,False,4815363.0
Adam Ebbin,"Ebbin, Adam",https://www.vpap.org/candidates/32994,https://www.vpap.org/candidates/32994/elections/,https://www.vpap.org/legislators/32994,32994,Adam Ebbin,Adam Ebbin has served in the State Senate since 2012.,2019 State Senate - District 30 - Regular General,https://www.vpap.org/offices/state-senate-30/elections/?year_and_type=2019regular,0.0,0.0,N/A,N/A,N/A,N/A,N/A,N/A,"Ebbin, Adam",True,D,True,"$576,750",576750.0,Democrat,Caucasian,Male,56,Uncontested,New York,District Office Area Code 571 / 703,Bachelors Degree,Private University; American University,No,Non-Military,Other / Not Employed,"Between $100,001 and $500,000",No property other than primary residence,2012.0,16.0,D,True,True,576750.0,N/A,N/A,N/A,N/A,N/A,N/A,N/A,N/A,N/A,N/A,N/A,N/A,N/A,N/A,N/A,N/A,N/A,N/A,N/A,N/A,N/A,N/A,N/A,N/A,N/A,N/A,N/A,N/A,N/A,N/A,N/A,N/A,N/A,N/A,N/A,N/A,N/A,N/A,N/A,N/A,N/A,N/A,N/A,N/A,N/A,N/A,N/A,N/A,N/A,N/A,N/A,N/A,N/A,N/A,N/A,N/A,N/A,N/A,N/A,N/A,N/A,N/A,N/A,N/A,N/A,N/A,N/A,N/A,N/A,N/A,N/A,N/A,N/A,N/A,N/A,N/A,N/A,N/A
Jen Kiggans,"Kiggans, Jen",https://www.vpap.org/candidates/331777,https://www.vpap.org/candidates/331777/elections/,https://www.vpap.org/legislators/331777,331777,Jen Kiggans,Jen Kiggans was elected to the State Senate in 2019,2019 State Senate - District 7 - Regular General,https://www.vpap.org/offices/state-senate-7/elections/?year_and_type=2019regular,10875.0,0.0,"Kiggans, Jen",True,R,False,"$1,531,936",1531936.0,"Turpin, Cheryl",False,D,False,"$2,372,640",2372640.0,Republican,Caucasian,Female,48,Won by Less than 10%,Florida,District Office Area Code 757,Master's Degree,Private University; Boston University,No,Veteran,"Medical Professions / Nurse Practitioner, Eastern Va Medical School","Between $100,001 and $500,000",Owns property that generates rental income or used for business,2020.0,0.0,R,True,False,1531936.0,N/A,N/A,N/A,N/A,N/A,N/A,N/A,N/A,N/A,N/A,N/A,N/A,N/A,N/A,N/A,N/A,N/A,N/A,N/A,N/A,N/A,N/A,N/A,N/A,N/A,N/A,N/A,N/A,N/A,N/A,N/A,N/A,N/A,N/A,N/A,N/A,N/A,N/A,N/A,N/A,N/A,N/A,N/A,N/A,N/A,N/A,N/A,N/A,N/A,N/A,N/A,N/A,N/A,N/A,N/A,N/A,N/A,N/A,N/A,N/A,N/A,N/A,N/A,N/A,N/A,N/A,N/A,N/A,N/A,N/A,N/A,N/A,N/A,N/A,N/A,N/A,N/A,N/A
Rebecca Raveson,"Raveson, Rebecca E",https://www.vpap.org/candidates/343692,https://www.vpap.org/candidates/343692/elections/,https://www.vpap.org/legislators/343692,343692,Rebecca E Raveson,Rebecca Raveson ran for the 14th Senate District in 2019.,2019 State Senate - District 14 - Regular General,https://www.vpap.org/offices/state-senate-14/elections/?year_and_type=2019regular,0.0,0.0,"Cosgrove, John",True,R,True,"$366,477",366477.0,"Raveson, Rebecca E",False,D,False,"$1,980",1980.0,,,,,,,,,,,,,,,,,D,False,False,1980.0,N/A,N/A,N/A,N/A,N/A,N/A,N/A,N/A,N/A,N/A,N/A,N/A,N/A,N/A,N/A,N/A,N/A,N/A,N/A,N/A,N/A,N/A,N/A,N/A,N/A,N/A,N/A,N/A,N/A,N/A,N/A,N/A,N/A,N/A,N/A,N/A,N/A,N/A,N/A,N/A,N/A,N/A,N/A,N/A,N/A,N/A,N/A,N/A,N/A,N/A,N/A,N/A,N/A,N/A,N/A,N/A,N/A,N/A,N/A,N/A,N/A,N/A,N/A,N/A,N/A,N/A,N/A,N/A,N/A,N/A,N/A,N/A,N/A,N/A,N/A,N/A,N/A,N/A
Suzanne Fox,"Fox, Suzanne",https://www.vpap.org/candidates/251751,https://www.vpap.org/candidates/251751/elections/,https://www.vpap.org/legislators/251751,251751,Suzanne Fox,Suzanne Fox ran for the 33rd State Senate District in 2019,2019 State Senate - District 33 - Regular General,https://www.vpap.org/offices/state-senate-33/elections/?year_and_type=2019regular,312.0,0.0,"Fox, Suzanne",False,R,False,"$139,485",139485.0,"Boysko, Jennifer",True,D,True,"$455,341",455341.0,,,,,,,,,,,,,,,,,R,False,False,139485.0,N/A,N/A,N/A,N/A,N/A,N/A,N/A,N/A,N/A,N/A,N/A,N/A,N/A,N/A,N/A,N/A,N/A,N/A,N/A,N/A,N/A,N/A,N/A,N/A,N/A,N/A,N/A,N/A,N/A,N/A,N/A,N/A,N/A,N/A,N/A,N/A,N/A,N/A,N/A,N/A,N/A,N/A,N/A,N/A,N/A,N/A,N/A,N/A,N/A,N/A,N/A,N/A,N/A,N/A,N/A,N/A,N/A,N/A,N/A,N/A,N/A,N/A,N/A,N/A,N/A,N/A,N/A,N/A,N/A,N/A,N/A,N/A,N/A,N/A,N/A,N/A,N/A,N/A
Jenn McClellan,"McClellan, Jennifer",https://www.vpap.org/candidates/35804,https://www.vpap.org/candidates/35804/elections/,https://www.vpap.org/legislators/35804,35804,Jennifer McClellan,"Jennifer McClellan has served in the Virginia Senate since 2017. Prior to that, she served in the House of Delegates since 2006.",2019 State Senate - District 9 - Regular General,https://www.vpap.org/offices/state-senate-9/elections/?year_and_type=2019regular,0.0,23.0,N/A,N/A,N/A,N/A,N/A,N/A,"McClellan, Jennifer",True,D,True,"$417,327",417327.0,Democrat,African-American,Female,47,Won by 10% or More,Virginia,District Office Area Code 804,Law Degree,Private University; University of Richmond,Yes,Non-Military,"Lawyers / Telecom Regulation, Verizon","Between $100,001 and $500,000",Owns property that generates rental income or used for business,2017.0,14.0,D,True,True,417327.0,D,True,False,205387.0,N/A,N/A,N/A,N/A,N/A,N/A,N/A,N/A,N/A,N/A,2017 House of Delegates - District 71 - Regular General,https://www.vpap.org/offices/house-of-delegates-71/elections/?year_and_type=2017regular,0,0,"Bourne, Jeff",True,D,True,"$77,778",77778.0,N/A,N/A,N/A,N/A,N/A,N/A,N/A,N/A,N/A,N/A,N/A,N/A,N/A,N/A,2017 State Senate - District 9 - Special General,https://www.vpap.org/offices/state-senate-9/elections/?year_and_type=2017special,0,0,N/A,N/A,N/A,N/A,N/A,N/A,"McClellan, Jennifer",True,D,False,"$205,387",205387.0,N/A,N/A,N/A,N/A,N/A,N/A,N/A,N/A,N/A,N/A,N/A,N/A,N/A,N/A,N/A,N/A,N/A,N/A,N/A,N/A,N/A,N/A,N/A,N/A
Amy Laufer,"Laufer, Amy",https://www.vpap.org/candidates/227111,https://www.vpap.org/candidates/227111/elections/,https://www.vpap.org/legislators/227111,227111,Amy Laufer,Amy Laufer ran for Senate District 17 in 2019.,2019 State Senate - District 17 - Regular General,https://www.vpap.org/offices/state-senate-17/elections/?year_and_type=2019regular,6457.0,1445.0,"Reeves, Bryce",True,R,True,"$1,509,339",1509339.0,"Laufer, Amy",False,D,False,"$1,660,229",1660229.0,,,,,,,,,,,,,,,,,D,False,False,1660229.0,N/A,N/A,N/A,N/A,N/A,N/A,N/A,N/A,N/A,N/A,N/A,N/A,N/A,N/A,N/A,N/A,N/A,N/A,N/A,N/A,N/A,N/A,N/A,N/A,N/A,N/A,N/A,N/A,N/A,N/A,N/A,N/A,N/A,N/A,N/A,N/A,N/A,N/A,N/A,N/A,N/A,N/A,N/A,N/A,N/A,N/A,N/A,N/A,N/A,N/A,N/A,N/A,N/A,N/A,2017 Charlottesville City City Council (At Large) - Regular General,https://www.vpap.org/offices/charlottesville-city-council-at-large/elections/?year_and_type=2017regular,0,0,"Laufer, Amy",False,D,False,"$41,719",41719.0,N/A,N/A,N/A,N/A,N/A,N/A,N/A,N/A,N/A,N/A,D,False,False,41719.0
Bill Stanley,"Stanley, Bill",https://www.vpap.org/candidates/82732,https://www.vpap.org/candidates/82732/elections/,https://www.vpap.org/legislators/82732,82732,Bill Stanley,Bill Stanley has served in the State Senate since 2011.,2019 State Senate - District 20 - Regular General,https://www.vpap.org/offices/state-senate-20/elections/?year_and_type=2019regular,0.0,0.0,"Stanley, Bill",True,R,True,"$486,236",486236.0,N/A,N/A,N/A,N/A,N/A,N/A,Republican,Caucasian,Male,52,Won by 10% or More,Florida,District Office Area Code 434,Law Degree,Private University; Hampden-Sydney College,Yes,Non-Military,"Lawyers / Attorney, Stanley & Stanley","Between $500,001 and $999,999",Owns property that generates rental income or used for business,2012.0,8.0,N/A,N/A,N/A,N/A,N/A,N/A,N/A,N/A,N/A,N/A,N/A,N/A,N/A,N/A,N/A,N/A,N/A,N/A,N/A,N/A,N/A,N/A,N/A,N/A,N/A,N/A,N/A,N/A,N/A,N/A,N/A,N/A,N/A,N/A,N/A,N/A,N/A,N/A,N/A,N/A,N/A,N/A,N/A,N/A,N/A,N/A,N/A,N/A,N/A,N/A,N/A,N/A,N/A,N/A,N/A,N/A,N/A,N/A,N/A,N/A,N/A,N/A,N/A,N/A,N/A,N/A,N/A,N/A,N/A,N/A,N/A,N/A,N/A,N/A,N/A,N/A,N/A,N/A,N/A,N/A,N/A,N/A
Mamie Locke,"Locke, Mamie",https://www.vpap.org/candidates/57262,https://www.vpap.org/candidates/57262/elections/,https://www.vpap.org/legislators/57262,57262,Mamie Locke,Mamie E. Locke has served in the Virginia Senate since 2004.,2019 State Senate - District 2 - Regular General,https://www.vpap.org/offices/state-senate-2/elections/?year_and_type=2019regular,0.0,0.0,N/A,N/A,N/A,N/A,N/A,N/A,"Locke, Mamie",True,D,True,"$526,048",526048.0,Democrat,African-American,Female,65,Uncontested,Mississippi,District Office Area Code 757,Doctorate,Private University; Tougaloo College,No,Non-Military,"Educators / Higher Ed, Hampton University","Less than $10,000",Owns property that generates rental income or used for business,2004.0,16.0,D,True,True,526048.0,N/A,N/A,N/A,N/A,N/A,N/A,N/A,N/A,N/A,N/A,N/A,N/A,N/A,N/A,N/A,N/A,N/A,N/A,N/A,N/A,N/A,N/A,N/A,N/A,N/A,N/A,N/A,N/A,N/A,N/A,N/A,N/A,N/A,N/A,N/A,N/A,N/A,N/A,N/A,N/A,N/A,N/A,N/A,N/A,N/A,N/A,N/A,N/A,N/A,N/A,N/A,N/A,N/A,N/A,N/A,N/A,N/A,N/A,N/A,N/A,N/A,N/A,N/A,N/A,N/A,N/A,N/A,N/A,N/A,N/A,N/A,N/A,N/A,N/A,N/A,N/A,N/A,N/A
Dakota Claytor,"Claytor, Dakota",https://www.vpap.org/candidates/331680,https://www.vpap.org/candidates/331680/elections/,https://www.vpap.org/legislators/331680,331680,Dakota Claytor,Dakota Claytor ran in Senate District 22 in 2019,2019 State Senate - District 22 - Regular General,https://www.vpap.org/offices/state-senate-22/elections/?year_and_type=2019regular,0.0,0.0,"Peake, Mark",True,R,True,"$218,742",218742.0,"Claytor, Dakota",False,D,False,"$6,699",6699.0,,,,,,,,,,,,,,,,,D,False,False,6699.0,N/A,N/A,N/A,N/A,N/A,N/A,N/A,N/A,N/A,N/A,N/A,N/A,N/A,N/A,N/A,N/A,N/A,N/A,N/A,N/A,N/A,N/A,N/A,N/A,N/A,N/A,N/A,N/A,N/A,N/A,N/A,N/A,N/A,N/A,N/A,N/A,N/A,N/A,N/A,N/A,N/A,N/A,N/A,N/A,N/A,N/A,N/A,N/A,N/A,N/A,N/A,N/A,N/A,N/A,N/A,N/A,N/A,N/A,N/A,N/A,N/A,N/A,N/A,N/A,N/A,N/A,N/A,N/A,N/A,N/A,N/A,N/A,N/A,N/A,N/A,N/A,N/A,N/A
Bryce Reeves,"Reeves, Bryce",https://www.vpap.org/candidates/109473,https://www.vpap.org/candidates/109473/elections/,https://www.vpap.org/legislators/109473,109473,Bryce Reeves,Bryce Reeves has served in the State Senate since 2012.,2019 State Senate - District 17 - Regular General,https://www.vpap.org/offices/state-senate-17/elections/?year_and_type=2019regular,5738.0,0.0,"Reeves, Bryce",True,R,True,"$1,509,339",1509339.0,"Laufer, Amy",False,D,False,"$1,660,229",1660229.0,Republican,Caucasian,Male,53,Won by Less than 10%,California,District Office Area Code 540,Master's Degree,State University,No,Veteran,"Bankers/Finance/Insurance / Insurance Sales, Bryce Reeves Insurance and Financial Services Inc","Less than $10,000",Owns property that generates rental income or used for business,2012.0,8.0,R,True,True,1509339.0,N/A,N/A,N/A,N/A,N/A,N/A,N/A,N/A,N/A,N/A,N/A,N/A,N/A,N/A,N/A,N/A,N/A,N/A,N/A,N/A,N/A,N/A,N/A,N/A,N/A,N/A,N/A,N/A,N/A,N/A,N/A,N/A,N/A,N/A,N/A,N/A,N/A,N/A,N/A,N/A,N/A,N/A,N/A,N/A,N/A,N/A,N/A,N/A,N/A,N/A,N/A,N/A,N/A,N/A,N/A,N/A,N/A,N/A,N/A,N/A,N/A,N/A,N/A,N/A,N/A,N/A,N/A,N/A,N/A,N/A,N/A,N/A,N/A,N/A,N/A,N/A,N/A,N/A
Creigh Deeds,"Deeds, Creigh",https://www.vpap.org/candidates/5637,https://www.vpap.org/candidates/5637/elections/,https://www.vpap.org/legislators/5637,5637,Creigh Deeds,Creigh Deeds has served in the State Senate since 2001. He served in the House of Delegates from 1992 to 2001.,2019 State Senate - District 25 - Regular General,https://www.vpap.org/offices/state-senate-25/elections/?year_and_type=2019regular,0.0,0.0,N/A,N/A,N/A,N/A,N/A,N/A,"Deeds, Creigh",True,D,True,"$469,899",469899.0,Democrat,Caucasian,Male,62,Won by 10% or More,Virginia,District Office Area Code 434,Law Degree,State University,Yes,Non-Military,"Lawyers / Attorney, R Creigh Deeds PC","Between $10,001 and $100,000",Owns property other than primary residence (no income reported),2001.0,28.0,D,True,True,469899.0,N/A,N/A,N/A,N/A,N/A,N/A,N/A,N/A,N/A,N/A,N/A,N/A,N/A,N/A,N/A,N/A,N/A,N/A,N/A,N/A,N/A,N/A,N/A,N/A,N/A,N/A,N/A,N/A,N/A,N/A,N/A,N/A,N/A,N/A,N/A,N/A,N/A,N/A,N/A,N/A,N/A,N/A,N/A,N/A,N/A,N/A,N/A,N/A,N/A,N/A,N/A,N/A,N/A,N/A,N/A,N/A,N/A,N/A,N/A,N/A,N/A,N/A,N/A,N/A,N/A,N/A,N/A,N/A,N/A,N/A,N/A,N/A,N/A,N/A,N/A,N/A,N/A,N/A
Dave Suetterlein,"Suetterlein, Dave",https://www.vpap.org/candidates/154200,https://www.vpap.org/candidates/154200/elections/,https://www.vpap.org/legislators/154200,154200,Dave Suetterlein,Dave Suetterlein has served in the State Senate since 2016.,2019 State Senate - District 19 - Regular General,https://www.vpap.org/offices/state-senate-19/elections/?year_and_type=2019regular,0.0,0.0,"Suetterlein, Dave",True,R,True,"$203,774",203774.0,"Ketner, Flo",False,D,False,"$44,782",44782.0,Republican,Caucasian,Male,35,Won by 10% or More,,District Office Area Code 540,Bachelors Degree,Private University; Grove City College,No,Non-Military,Other / Consultant,"Between $10,001 and $100,000",No property other than primary residence,2016.0,4.0,R,True,True,203774.0,N/A,N/A,N/A,N/A,N/A,N/A,N/A,N/A,N/A,N/A,N/A,N/A,N/A,N/A,N/A,N/A,N/A,N/A,N/A,N/A,N/A,N/A,N/A,N/A,N/A,N/A,N/A,N/A,N/A,N/A,N/A,N/A,N/A,N/A,N/A,N/A,N/A,N/A,N/A,N/A,N/A,N/A,N/A,N/A,N/A,N/A,N/A,N/A,N/A,N/A,N/A,N/A,N/A,N/A,N/A,N/A,N/A,N/A,N/A,N/A,N/A,N/A,N/A,N/A,N/A,N/A,N/A,N/A,N/A,N/A,N/A,N/A,N/A,N/A,N/A,N/A,N/A,N/A
Louise Lucas,"Lucas, Louise",https://www.vpap.org/candidates/34,https://www.vpap.org/candidates/34/elections/,https://www.vpap.org/legislators/34,34,Louise Lucas,Louise Lucas has served in the Virginia Senate since 1992.,2019 State Senate - District 18 - Regular General,https://www.vpap.org/offices/state-senate-18/elections/?year_and_type=2019regular,0.0,23.0,N/A,N/A,N/A,N/A,N/A,N/A,"Lucas, Louise",True,D,True,"$414,009",414009.0,Democrat,African-American,Female,75,Uncontested,Virginia,District Office Area Code 757,Master's Degree,State University,No,Non-Military,"Business People / Group Home for Mentally Challenged, Lucas Lodge LLC","Between $100,001 and $500,000",Owns property that generates rental income or used for business,1992.0,28.0,D,True,True,414009.0,N/A,N/A,N/A,N/A,N/A,N/A,N/A,N/A,N/A,N/A,N/A,N/A,N/A,N/A,N/A,N/A,N/A,N/A,N/A,N/A,N/A,N/A,N/A,N/A,N/A,N/A,N/A,N/A,N/A,N/A,N/A,N/A,N/A,N/A,N/A,N/A,N/A,N/A,N/A,N/A,N/A,N/A,N/A,N/A,N/A,N/A,N/A,N/A,N/A,N/A,N/A,N/A,N/A,N/A,N/A,N/A,N/A,N/A,N/A,N/A,N/A,N/A,N/A,N/A,N/A,N/A,N/A,N/A,N/A,N/A,N/A,N/A,N/A,N/A,N/A,N/A,N/A,N/A
Emmett Hanger,"Hanger, Emmett",https://www.vpap.org/candidates/4849,https://www.vpap.org/candidates/4849/elections/,https://www.vpap.org/legislators/4849,4849,Emmett Hanger,Emmett Hanger has served in the Virginia Senate since 1996. He served in the House of Delegates from 1983-92.,2019 State Senate - District 24 - Regular General,https://www.vpap.org/offices/state-senate-24/elections/?year_and_type=2019regular,36448.0,0.0,"Hanger, Emmett",True,R,True,"$664,921",664921.0,"Hyde, Annette",False,D,False,"$77,411",77411.0,Republican,Caucasian,Male,71,Won by 10% or More,Virginia,District Office Area Code 540,Master's Degree,State University,No,Veteran,"Business People / Commercial Real Estate, Hanger & Associates","Less than $10,000",Owns property that generates rental income or used for business,1996.0,33.0,R,True,True,664921.0,N/A,N/A,N/A,N/A,N/A,N/A,N/A,N/A,N/A,N/A,N/A,N/A,N/A,N/A,N/A,N/A,N/A,N/A,N/A,N/A,N/A,N/A,N/A,N/A,N/A,N/A,N/A,N/A,N/A,N/A,N/A,N/A,N/A,N/A,N/A,N/A,N/A,N/A,N/A,N/A,N/A,N/A,N/A,N/A,N/A,N/A,N/A,N/A,N/A,N/A,N/A,N/A,N/A,N/A,N/A,N/A,N/A,N/A,N/A,N/A,N/A,N/A,N/A,N/A,N/A,N/A,N/A,N/A,N/A,N/A,N/A,N/A,N/A,N/A,N/A,N/A,N/A,N/A
